-- ============================================================
-- Library – DatabasSchema och Exempeldata
-- ============================================================

CREATE DATABASE IF NOT EXISTS `library` /*!40100 DEFAULT CHARACTER SET utf8mb4 COLLATE utf8mb4_0900_ai_ci */ /*!80016 DEFAULT ENCRYPTION='N' */;
USE `library`;

-- Meta-info

/*!40101 SET @OLD_CHARACTER_SET_CLIENT=@@CHARACTER_SET_CLIENT */;
/*!40101 SET @OLD_CHARACTER_SET_RESULTS=@@CHARACTER_SET_RESULTS */;
/*!40101 SET @OLD_COLLATION_CONNECTION=@@COLLATION_CONNECTION */;
/*!50503 SET NAMES UTF8MB4 */;
/*!40103 SET @OLD_TIME_ZONE=@@TIME_ZONE */;
/*!40103 SET TIME_ZONE='+00:00' */;
/*!40014 SET @OLD_UNIQUE_CHECKS=@@UNIQUE_CHECKS, UNIQUE_CHECKS=0 */;
/*!40014 SET @OLD_FOREIGN_KEY_CHECKS=@@FOREIGN_KEY_CHECKS, FOREIGN_KEY_CHECKS=0 */;
/*!40101 SET @OLD_SQL_MODE=@@SQL_MODE, SQL_MODE='NO_AUTO_VALUE_ON_ZERO' */;
/*!40111 SET @OLD_SQL_NOTES=@@SQL_NOTES, SQL_NOTES=0 */;

-- ------------------------------------------------------------
-- AUTHORS
-- ------------------------------------------------------------
DROP TABLE IF EXISTS `authors`;
/*!40101 SET @saved_cs_client     = @@character_set_client */;
/*!50503 SET character_set_client = utf8mb4 */;
CREATE TABLE authors (
    id          INT AUTO_INCREMENT PRIMARY KEY,
    first_name  VARCHAR(100) NOT NULL,
    last_name   VARCHAR(100) NOT NULL,
    nationality VARCHAR(100),
    birth_date  DATE
) ENGINE=InnoDB DEFAULT CHARSET=utf8mb4;
/*!40101 SET character_set_client = @saved_cs_client */;

-- AUTHORS
LOCK TABLES `authors` WRITE;
/*!40000 ALTER TABLE `authors` DISABLE KEYS */;
INSERT INTO authors (id, first_name, last_name, nationality, birth_date) VALUES
(1, 'Mia', 'Johnson', 'Brazilian', '1964-09-03'),
(2, 'Evelyn', 'Harris', 'French', '1949-03-12'),
(3, 'Jack', 'Garcia', 'Canadian', '1977-11-07'),
(4, 'Oliver', 'Johnson', 'British', '1959-08-13'),
(5, 'Mason', 'Campbell', 'Canadian', '1942-05-19'),
(6, 'Aria', 'Jackson', 'Brazilian', '1988-11-20'),
(7, 'Jackson', 'Harris', 'Italian', '1964-12-15'),
(8, 'James', 'Anderson', 'Brazilian', '1977-11-30'),
(9, 'Ava', 'Young', 'French', '1959-04-26'),
(10, 'Ava', 'Miller', 'British', '1974-01-31'),
(11, 'Benjamin', 'Torres', 'Polish', '1970-11-09'),
(12, 'Theodore', 'Thompson', 'Russian', '1943-11-24'),
(13, 'Madison', 'Carter', 'British', '1973-12-16'),
(14, 'Isabella', 'Roberts', 'Swedish', '1972-06-11'),
(15, 'Owen', 'Jackson', 'Brazilian', '1946-03-29'),
(16, 'Oliver', 'Harris', 'Russian', '1965-12-17'),
(17, 'Isabella', 'Harris', 'Polish', '1949-01-22'),
(18, 'Logan', 'Young', 'Italian', '1972-09-23'),
(19, 'Henry', 'Nguyen', 'Norwegian', '1958-10-18'),
(20, 'Abigail', 'Jones', 'Canadian', '1955-05-09'),
(21, 'Jack', 'Martin', 'French', '1981-06-21'),
(22, 'Aria', 'Harris', 'Australian', '1969-02-03'),
(23, 'Sophia', 'Harris', 'Polish', '1942-11-17'),
(24, 'Liam', 'Flores', 'Swedish', '1945-12-08'),
(25, 'Harper', 'Gomez', 'Dutch', '1968-03-25'),
(26, 'Harper', 'Rivera', 'Spanish', '1981-03-01'),
(27, 'Charlotte', 'Thompson', 'French', '1962-02-15'),
(28, 'Aria', 'Carter', 'Swedish', '1978-06-08'),
(29, 'Grace', 'Flores', 'Norwegian', '1959-09-04'),
(30, 'Lucas', 'Campbell', 'Italian', '1948-02-26'),
(31, 'Sophia', 'Davis', 'French', '1954-05-09'),
(32, 'Ella', 'Evans', 'British', '1974-07-09'),
(33, 'Logan', 'Evans', 'Italian', '1987-06-21'),
(34, 'Ethan', 'Roberts', 'Polish', '1941-01-11'),
(35, 'Mia', 'Carter', 'Russian', '1963-12-09'),
(36, 'Ava', 'Davis', 'Swedish', '1979-01-02'),
(37, 'Henry', 'Baker', 'American', '1963-08-18'),
(38, 'Mateo', 'Thomas', 'Japanese', '1949-07-18'),
(39, 'Emily', 'Campbell', 'Canadian', '1957-11-04'),
(40, 'Charlotte', 'Nguyen', 'Russian', '1954-06-29'),
(41, 'Jack', 'Mitchell', 'Dutch', '1940-01-19'),
(42, 'Theodore', 'Wright', 'Italian', '1941-09-30'),
(43, 'Mia', 'Nguyen', 'Dutch', '1967-08-03'),
(44, 'Evelyn', 'Brown', 'German', '1990-11-25'),
(45, 'Isabella', 'Garcia', 'Brazilian', '1983-08-07'),
(46, 'William', 'Carter', 'Russian', '1951-04-13'),
(47, 'Lucas', 'Hall', 'Japanese', '1954-10-24'),
(48, 'Ethan', 'Mitchell', 'Polish', '1977-12-17'),
(49, 'Harper', 'Carter', 'Russian', '1958-01-17'),
(50, 'Emily', 'Flores', 'Australian', '1973-07-02'),
(51, 'Sebastian', 'Mitchell', 'Italian', '1950-11-09'),
(52, 'William', 'Scott', 'American', '1989-09-10'),
(53, 'Mason', 'Phillips', 'German', '1940-08-23'),
(54, 'William', 'Brown', 'German', '1946-01-17'),
(55, 'Oliver', 'Scott', 'British', '1986-02-15'),
(56, 'Evelyn', 'Young', 'Australian', '1983-07-20'),
(57, 'Lucas', 'Gomez', 'Canadian', '1982-05-28'),
(58, 'Evelyn', 'Hall', 'Russian', '1976-07-08'),
(59, 'Alexander', 'Miller', 'British', '1978-09-02'),
(60, 'Noah', 'Adams', 'Spanish', '1981-11-24');
/*!40000 ALTER TABLE `authors` ENABLE KEYS */;
UNLOCK TABLES;

-- ------------------------------------------------------------
-- AUTHOR_DESCRIPTIONS (1:1 med authors)
-- ------------------------------------------------------------
DROP TABLE IF EXISTS `author_descriptions`;
/*!40101 SET @saved_cs_client     = @@character_set_client */;
/*!50503 SET character_set_client = utf8mb4 */;
CREATE TABLE author_descriptions (
    author_id   INT PRIMARY KEY,
    biography   TEXT,
    website     VARCHAR(255),
    CONSTRAINT fk_authordesc_author
        FOREIGN KEY (author_id) REFERENCES authors(id)
        ON DELETE CASCADE
) ENGINE=InnoDB DEFAULT CHARSET=utf8mb4;
/*!40101 SET character_set_client = @saved_cs_client */;

-- AUTHOR_DESCRIPTIONS
LOCK TABLES `author_descriptions` WRITE;
/*!40000 ALTER TABLE `author_descriptions` DISABLE KEYS */;
INSERT INTO author_descriptions (author_id, biography, website) VALUES
(1, 'A celebrated author with over twenty years of experience writing across multiple genres.', 'www.miajohnson.com'),
(2, 'Born into a family of storytellers, they began writing at an early age and never stopped.', 'www.evelynharris.com'),
(3, 'A celebrated author with over twenty years of experience writing across multiple genres.', 'www.jackgarcia.com'),
(4, 'A prolific writer who has published across fiction, non-fiction, and screenwriting.', 'www.oliverjohnson.com'),
(5, 'Known for their lyrical prose and deeply researched historical settings.', 'www.masoncampbell.com'),
(6, 'Born into a family of storytellers, they began writing at an early age and never stopped.', 'www.ariajackson.com'),
(7, 'An academic turned novelist whose work bridges the gap between scholarship and popular fiction.', 'www.jacksonharris.com'),
(8, 'An academic turned novelist whose work bridges the gap between scholarship and popular fiction.', 'www.jamesanderson.com'),
(9, 'An academic turned novelist whose work bridges the gap between scholarship and popular fiction.', 'www.avayoung.com'),
(10, 'A recipient of numerous literary awards, their work has been translated into over thirty languages.', 'www.avamiller.com'),
(11, 'Their debut novel became an overnight sensation, launching a career that has only grown since.', 'www.benjamintorres.com'),
(12, 'A former journalist whose eye for detail and love of truth infuses every page they write.', 'www.theodorethompson.com'),
(13, 'A prolific writer who has published across fiction, non-fiction, and screenwriting.', 'www.madisoncarter.com'),
(14, 'A former journalist whose eye for detail and love of truth infuses every page they write.', 'www.isabellaroberts.com'),
(15, 'A self-taught writer who rose from obscurity to become one of the most read authors of their generation.', 'www.owenjackson.com'),
(16, 'Their debut novel became an overnight sensation, launching a career that has only grown since.', 'www.oliverharris.com'),
(17, 'An academic turned novelist whose work bridges the gap between scholarship and popular fiction.', 'www.isabellaharris.com'),
(18, 'Born into a family of storytellers, they began writing at an early age and never stopped.', 'www.loganyoung.com'),
(19, 'Their debut novel became an overnight sensation, launching a career that has only grown since.', 'www.henrynguyen.com'),
(20, 'A recipient of numerous literary awards, their work has been translated into over thirty languages.', 'www.abigailjones.com'),
(21, 'Born into a family of storytellers, they began writing at an early age and never stopped.', 'www.jackmartin.com'),
(22, 'A celebrated author with over twenty years of experience writing across multiple genres.', 'www.ariaharris.com'),
(23, 'A recipient of numerous literary awards, their work has been translated into over thirty languages.', 'www.sophiaharris.com'),
(24, 'A celebrated author with over twenty years of experience writing across multiple genres.', 'www.liamflores.com'),
(25, 'Born into a family of storytellers, they began writing at an early age and never stopped.', 'www.harpergomez.com'),
(26, 'An academic turned novelist whose work bridges the gap between scholarship and popular fiction.', 'www.harperrivera.com'),
(27, 'A former journalist whose eye for detail and love of truth infuses every page they write.', 'www.charlottethompson.com'),
(28, 'A prolific writer who has published across fiction, non-fiction, and screenwriting.', 'www.ariacarter.com'),
(29, 'Their debut novel became an overnight sensation, launching a career that has only grown since.', 'www.graceflores.com'),
(30, 'Their debut novel became an overnight sensation, launching a career that has only grown since.', 'www.lucascampbell.com'),
(31, 'An academic turned novelist whose work bridges the gap between scholarship and popular fiction.', 'www.sophiadavis.com'),
(32, 'A prolific writer who has published across fiction, non-fiction, and screenwriting.', 'www.ellaevans.com'),
(33, 'A celebrated author with over twenty years of experience writing across multiple genres.', 'www.loganevans.com'),
(34, 'A former journalist whose eye for detail and love of truth infuses every page they write.', 'www.ethanroberts.com'),
(35, 'A prolific writer who has published across fiction, non-fiction, and screenwriting.', 'www.miacarter.com'),
(36, 'A celebrated author with over twenty years of experience writing across multiple genres.', 'www.avadavis.com'),
(37, 'A prolific writer who has published across fiction, non-fiction, and screenwriting.', 'www.henrybaker.com'),
(38, 'A self-taught writer who rose from obscurity to become one of the most read authors of their generation.', 'www.mateothomas.com'),
(39, 'Their debut novel became an overnight sensation, launching a career that has only grown since.', 'www.emilycampbell.com'),
(40, 'A self-taught writer who rose from obscurity to become one of the most read authors of their generation.', 'www.charlottenguyen.com'),
(41, 'A prolific writer who has published across fiction, non-fiction, and screenwriting.', 'www.jackmitchell.com'),
(42, 'A recipient of numerous literary awards, their work has been translated into over thirty languages.', 'www.theodorewright.com'),
(43, 'Their debut novel became an overnight sensation, launching a career that has only grown since.', 'www.mianguyen.com'),
(44, 'A former journalist whose eye for detail and love of truth infuses every page they write.', 'www.evelynbrown.com'),
(45, 'An academic turned novelist whose work bridges the gap between scholarship and popular fiction.', 'www.isabellagarcia.com'),
(46, 'A self-taught writer who rose from obscurity to become one of the most read authors of their generation.', 'www.williamcarter.com'),
(47, 'An academic turned novelist whose work bridges the gap between scholarship and popular fiction.', 'www.lucashall.com'),
(48, 'A celebrated author with over twenty years of experience writing across multiple genres.', 'www.ethanmitchell.com'),
(49, 'Inspired by their travels across six continents, their writing carries a distinctive global perspective.', 'www.harpercarter.com'),
(50, 'A recipient of numerous literary awards, their work has been translated into over thirty languages.', 'www.emilyflores.com'),
(51, 'A celebrated author with over twenty years of experience writing across multiple genres.', 'www.sebastianmitchell.com'),
(52, 'Known for their lyrical prose and deeply researched historical settings.', 'www.williamscott.com'),
(53, 'A celebrated author with over twenty years of experience writing across multiple genres.', 'www.masonphillips.com'),
(54, 'A celebrated author with over twenty years of experience writing across multiple genres.', 'www.williambrown.com'),
(55, 'Inspired by their travels across six continents, their writing carries a distinctive global perspective.', 'www.oliverscott.com'),
(56, 'Their debut novel became an overnight sensation, launching a career that has only grown since.', 'www.evelynyoung.com'),
(57, 'A recipient of numerous literary awards, their work has been translated into over thirty languages.', 'www.lucasgomez.com'),
(58, 'A recipient of numerous literary awards, their work has been translated into over thirty languages.', 'www.evelynhall.com'),
(59, 'A former journalist whose eye for detail and love of truth infuses every page they write.', 'www.alexandermiller.com'),
(60, 'A celebrated author with over twenty years of experience writing across multiple genres.', 'www.noahadams.com');
/*!40000 ALTER TABLE `author_descriptions` ENABLE KEYS */;
UNLOCK TABLES;

-- ------------------------------------------------------------
-- BOOKS
-- ------------------------------------------------------------
DROP TABLE IF EXISTS `books`;
/*!40101 SET @saved_cs_client     = @@character_set_client */;
/*!50503 SET character_set_client = utf8mb4 */;
CREATE TABLE books (
    id              INT AUTO_INCREMENT PRIMARY KEY,
    title           VARCHAR(255) NOT NULL,
    isbn            VARCHAR(20)  NOT NULL UNIQUE,
    year_published  INT,
    total_copies    INT          NOT NULL DEFAULT 1,
    available_copies INT         NOT NULL DEFAULT 1
) ENGINE=InnoDB DEFAULT CHARSET=utf8mb4;
/*!40101 SET character_set_client = @saved_cs_client */;

-- BOOKS
LOCK TABLES books WRITE;
/*!40000 ALTER TABLE books DISABLE KEYS */;
INSERT INTO books (id, title, isbn, year_published, total_copies, available_copies) VALUES
(1, 'Wild Throne of Secrets', '978-1-709-18907-3', 1995, 1, 0),
(2, 'Shattered Wind of Kings', '978-9-183-64948-9', 2006, 5, 2),
(3, 'Golden Night of Light', '978-5-344-44814-6', 1978, 3, 3),
(4, 'Forgotten Key of the Lost', '978-0-569-91416-9', 1976, 1, 0),
(5, 'Wild Night of Ice', '978-5-170-42018-5', 1988, 2, 1),
(6, 'Glass Fire of Memory', '978-9-926-95717-8', 1970, 5, 2),
(7, 'Golden Dark of Fire', '978-2-370-25129-1', 2017, 5, 1),
(8, 'Last Dawn Forsaken', '978-3-834-54942-3', 2013, 3, 3),
(9, 'Last Gate of Kings', '978-1-749-65518-4', 1972, 1, 1),
(10, 'Crimson Forest Eternal', '978-4-265-67912-8', 2015, 4, 4),
(11, 'The Ocean of the Lost', '978-2-658-14722-5', 2007, 5, 1),
(12, 'Hollow Forest of Kings', '978-4-473-15229-5', 1983, 2, 2),
(13, 'Dark River Undone', '978-6-735-30257-3', 1980, 2, 1),
(14, 'The Mountain of Dreams', '978-6-921-97806-3', 1987, 2, 2),
(15, 'Dark Road of Kings', '978-7-327-36158-7', 1992, 3, 1),
(16, 'Final Garden Untold', '978-3-508-53025-4', 1974, 3, 2),
(17, 'Falling Peace and Ash', '978-8-439-13617-1', 1986, 2, 2),
(18, 'Last Kingdom of Fire', '978-9-544-55309-5', 1997, 5, 4),
(19, 'Dark Road Awakened', '978-3-360-15817-6', 1970, 5, 4),
(20, 'Stolen Voice Untold', '978-3-472-66531-1', 2012, 3, 2),
(21, 'Stolen World of Fire', '978-4-619-50538-6', 1990, 4, 2),
(22, 'Infinite Forest of Light', '978-6-780-59695-2', 2009, 5, 2),
(23, 'Frozen Fire of Shadows', '978-4-393-37549-6', 2020, 5, 4),
(24, 'Falling Storm and Bone', '978-7-552-98555-3', 2002, 4, 1),
(25, 'Stolen Throne of Memory', '978-8-779-92960-9', 1991, 1, 0),
(26, 'Stolen Dawn of Darkness', '978-3-250-13201-0', 1985, 4, 4),
(27, 'Storm Heart of the Lost', '978-7-524-92544-9', 1982, 4, 3),
(28, 'Frozen Dream of Ice', '978-0-868-23970-6', 1984, 2, 2),
(29, 'Wild Journey of Kings', '978-8-355-25906-7', 1978, 4, 4),
(30, 'Infinite Wind of Dreams', '978-7-727-76162-6', 2023, 5, 3),
(31, 'Shadow Mountain and Steel', '978-7-365-42406-4', 2019, 5, 3),
(32, 'Falling Dream of Time', '978-7-179-47450-3', 1987, 3, 2),
(33, 'Shadow Fire of the Lost', '978-2-254-40311-6', 2014, 2, 2),
(34, 'Hidden Throne and Blood', '978-6-438-81121-7', 1996, 1, 0),
(35, 'Glass Path and Ash', '978-9-812-12560-9', 1994, 4, 0),
(36, 'Burning Dawn and Ash', '978-6-651-81582-9', 1984, 4, 1),
(37, 'Last Path and Steel', '978-0-498-54057-6', 2016, 2, 1),
(38, 'Golden Forest Forsaken', '978-8-127-61645-9', 2006, 1, 0),
(39, 'Falling Path of Ice', '978-7-286-16590-4', 1994, 3, 1),
(40, 'Distant Storm of Dreams', '978-6-384-65255-4', 2023, 1, 1),
(41, 'The Voice Undone', '978-0-458-39389-1', 2019, 1, 0),
(42, 'Final City of Shadows', '978-9-256-41266-2', 2000, 1, 0),
(43, 'Distant Song of Time', '978-5-271-89415-9', 2017, 1, 0),
(44, 'Secret Ocean Awakened', '978-0-419-85470-6', 1995, 2, 0),
(45, 'Shattered Song Eternal', '978-3-204-49529-9', 2021, 1, 0),
(46, 'Burning Fire and Blood', '978-5-170-76317-5', 1970, 4, 3),
(47, 'Dark Path and Dust', '978-7-824-30052-6', 1981, 5, 5),
(48, 'Last Wind Undone', '978-7-576-67091-9', 1987, 3, 1),
(49, 'Glass Key of the Lost', '978-4-561-41963-7', 2006, 5, 5),
(50, 'Frozen Storm of Shadows', '978-7-971-52600-2', 2001, 2, 1),
(51, 'Iron Night of Dreams', '978-4-710-46211-8', 1970, 5, 1),
(52, 'Lost Dream and Blood', '978-7-668-41499-7', 2011, 4, 3),
(53, 'Iron Garden of the Lost', '978-4-326-63005-3', 1989, 5, 2),
(54, 'Ancient Fire Reborn', '978-5-535-82140-5', 1992, 4, 2),
(55, 'Secret Night of Darkness', '978-1-838-35242-5', 1977, 5, 5),
(56, 'Broken City of Light', '978-7-383-87278-8', 2008, 3, 0),
(57, 'Glass City of Memory', '978-3-469-33519-4', 1970, 5, 1),
(58, 'Last Kingdom of Kings', '978-8-399-26551-7', 1976, 1, 1),
(59, 'Ancient War and Bone', '978-5-288-16734-4', 2000, 1, 0),
(60, 'Frozen War of the Lost', '978-9-744-99974-0', 1979, 2, 2),
(61, 'Secret Throne of Darkness', '978-1-671-64548-9', 2008, 5, 1),
(62, 'Crimson Peace and Ash', '978-7-553-48974-9', 1997, 3, 0),
(63, 'Rising Voice of Fire', '978-3-740-37659-4', 2012, 1, 0),
(64, 'Final Mountain Undone', '978-1-260-10350-6', 1998, 5, 3),
(65, 'Secret Kingdom of Darkness', '978-4-823-47056-7', 1974, 2, 1),
(66, 'Iron Mind Eternal', '978-9-777-35928-6', 1977, 5, 1),
(67, 'Falling Forest of Time', '978-2-173-17816-2', 2020, 3, 2),
(68, 'Distant Ocean and Bone', '978-4-816-62757-4', 2002, 5, 3),
(69, 'Distant Throne Forsaken', '978-0-542-52247-9', 1986, 1, 0),
(70, 'Final Dark Awakened', '978-9-121-98117-4', 2006, 1, 0),
(71, 'Ancient Peace Eternal', '978-7-384-33788-9', 1997, 4, 0),
(72, 'Ancient River and Blood', '978-5-428-97835-1', 1980, 3, 3),
(73, 'Cursed War of Memory', '978-6-933-82102-0', 1999, 1, 1),
(74, 'Last Storm of Fire', '978-6-985-77449-0', 2012, 5, 3),
(75, 'Hollow Kingdom of Light', '978-8-470-91609-7', 2010, 4, 0),
(76, 'Hidden Night Undone', '978-2-394-67424-7', 1977, 1, 0),
(77, 'Cursed Mountain of Memory', '978-8-114-82384-6', 1975, 2, 0),
(78, 'Distant Ocean Eternal', '978-2-610-48254-8', 2015, 3, 3),
(79, 'Glass War and Steel', '978-3-567-82255-2', 1994, 2, 2),
(80, 'Wild Voice of Ice', '978-1-382-64387-5', 2020, 5, 2),
(81, 'Glass Garden of Memory', '978-4-957-86931-9', 2012, 4, 1),
(82, 'Distant Fire and Steel', '978-5-440-82340-8', 1994, 4, 2),
(83, 'Storm City of Darkness', '978-9-492-40613-6', 1972, 3, 3),
(84, 'Cursed Key and Ash', '978-6-779-95461-2', 2001, 1, 0),
(85, 'Wild Ice of Dreams', '978-1-995-67711-1', 2003, 4, 0),
(86, 'Fading Forest and Blood', '978-2-176-71537-4', 1991, 5, 5),
(87, 'Frozen Light of the Lost', '978-5-972-98389-8', 1994, 3, 3),
(88, 'Storm Fire of Kings', '978-9-170-40771-4', 1984, 1, 1),
(89, 'Dark Heart Eternal', '978-1-554-31805-4', 1971, 1, 1),
(90, 'Iron Kingdom of Memory', '978-5-483-66450-2', 1985, 5, 3),
(91, 'Shattered Dark of Secrets', '978-2-279-20350-9', 1994, 5, 5),
(92, 'Final War Awakened', '978-2-337-70443-4', 1999, 3, 0),
(93, 'Shadow Mind and Bone', '978-4-793-81643-2', 1974, 4, 2),
(94, 'Shattered Dawn Eternal', '978-6-806-42780-7', 1989, 2, 1),
(95, 'Storm War of Fire', '978-3-490-84963-5', 2006, 3, 2),
(96, 'The Soul Untold', '978-6-381-11061-9', 2013, 1, 1),
(97, 'Glass Gate of Memory', '978-3-721-56179-3', 2010, 2, 2),
(98, 'Last Dark Untold', '978-2-743-22735-0', 1989, 4, 0),
(99, 'Shattered River of Ice', '978-1-402-52823-6', 1981, 2, 0),
(100, 'Iron Fire and Dust', '978-8-613-45720-2', 1986, 4, 2),
(101, 'Fading World of Dreams', '978-1-579-19869-2', 2018, 2, 2),
(102, 'Fading Dark and Ash', '978-8-474-21836-6', 1970, 3, 0),
(103, 'Distant River Untold', '978-4-698-59941-5', 1976, 2, 1),
(104, 'The Wind Undone', '978-5-724-39015-1', 2010, 4, 2),
(105, 'Falling Path of Fire', '978-2-146-14877-4', 2001, 1, 0),
(106, 'Final Gate Undone', '978-2-497-69459-5', 2012, 5, 3),
(107, 'Shattered Voice of Ice', '978-6-770-22978-7', 2009, 4, 2),
(108, 'A Song and Dust', '978-3-554-68287-3', 1993, 1, 1),
(109, 'Infinite Gate Eternal', '978-5-162-62184-4', 1982, 1, 1),
(110, 'Lost Dark of Light', '978-9-121-16629-5', 1985, 2, 2),
(111, 'Hidden Throne Undone', '978-3-700-38305-3', 1991, 2, 2),
(112, 'The Night of Ice', '978-2-653-42853-2', 1977, 1, 0),
(113, 'The River of Darkness', '978-9-431-12068-2', 1986, 1, 0),
(114, 'Fading Path Reborn', '978-1-863-18330-7', 1998, 3, 0),
(115, 'Distant Peace of Darkness', '978-9-144-96363-8', 1989, 4, 0),
(116, 'A War and Ash', '978-6-802-24150-7', 2015, 4, 0),
(117, 'Shadow Throne of Dreams', '978-9-251-18609-2', 1987, 5, 5),
(118, 'Shattered Fire of Dreams', '978-6-711-79541-4', 1999, 5, 4),
(119, 'Hollow Ocean of Fire', '978-8-838-38183-6', 1998, 2, 1),
(120, 'Forgotten Soul and Bone', '978-6-525-22463-5', 1997, 3, 2),
(121, 'Burning Forest Untold', '978-7-168-21957-1', 1975, 4, 0),
(122, 'Fading Voice and Dust', '978-2-669-17861-9', 2005, 5, 2),
(123, 'Stolen Ocean and Blood', '978-5-994-97207-6', 2016, 1, 1),
(124, 'Rising Dawn and Dust', '978-1-691-76507-3', 1979, 4, 1),
(125, 'Storm Ocean and Dust', '978-8-476-25058-4', 2006, 2, 1),
(126, 'Storm Fire Forsaken', '978-9-791-94239-8', 1971, 5, 5),
(127, 'Glass Song of Time', '978-0-284-45818-4', 1991, 3, 0),
(128, 'Broken World of Ice', '978-9-773-62531-1', 1979, 1, 0),
(129, 'Fading Peace of Light', '978-6-529-69460-5', 1980, 3, 2),
(130, 'Fading Storm Awakened', '978-9-186-16895-2', 1980, 5, 0),
(131, 'Stolen Throne of Time', '978-7-777-65576-7', 2008, 4, 3),
(132, 'Last City Reborn', '978-1-453-66349-1', 1988, 5, 3),
(133, 'Wild Dark of Memory', '978-0-325-61807-9', 1973, 1, 0),
(134, 'Secret City of Ice', '978-4-396-53007-1', 1970, 4, 3),
(135, 'Broken Forest and Ash', '978-8-820-40161-8', 2005, 3, 0),
(136, 'Frozen World of Kings', '978-6-119-70260-1', 1990, 5, 3),
(137, 'Shattered Road Eternal', '978-6-396-25096-6', 1971, 3, 1),
(138, 'Iron Wind and Bone', '978-5-190-67240-1', 1985, 4, 4),
(139, 'Frozen Peace of the Lost', '978-6-991-50668-5', 1984, 3, 1),
(140, 'Lost Peace Eternal', '978-1-643-76840-3', 2019, 3, 2),
(141, 'Fading Soul Eternal', '978-2-341-23474-2', 1986, 2, 0),
(142, 'Rising Forest Eternal', '978-1-281-92306-7', 1999, 5, 4),
(143, 'Distant Dark Awakened', '978-9-430-92210-5', 1979, 4, 0),
(144, 'Ancient Journey Eternal', '978-4-915-46002-9', 1973, 3, 0),
(145, 'Secret Journey and Bone', '978-0-158-58331-4', 1974, 1, 1),
(146, 'Distant Ice Undone', '978-0-560-84928-3', 1990, 5, 3),
(147, 'Wild Forest of Kings', '978-7-205-55015-1', 2002, 2, 0),
(148, 'Final Song and Bone', '978-7-636-78517-9', 1980, 3, 2),
(149, 'Golden Dawn and Ash', '978-6-893-54350-9', 1973, 3, 0),
(150, 'Forgotten Ocean Undone', '978-6-390-43029-9', 1979, 3, 0),
(151, 'Shattered Dark of Ice', '978-5-417-95990-6', 1978, 5, 5),
(152, 'Lost Dawn Undone', '978-6-758-53054-2', 2012, 5, 0),
(153, 'Falling Dark and Blood', '978-8-470-12389-5', 1989, 2, 0),
(154, 'Forgotten Heart and Steel', '978-3-331-28030-2', 1974, 3, 0),
(155, 'Wild Heart Undone', '978-8-138-96760-5', 2019, 5, 1),
(156, 'Rising Road of Ice', '978-2-285-91885-2', 2016, 4, 0),
(157, 'Hollow River Untold', '978-3-554-90031-4', 2018, 4, 1),
(158, 'Infinite Dream of Memory', '978-7-955-35430-5', 2013, 5, 3),
(159, 'Distant Heart of Memory', '978-6-614-79135-6', 1980, 2, 2),
(160, 'Silent World of Time', '978-0-756-72991-5', 2005, 1, 0),
(161, 'Secret Throne of Secrets', '978-4-560-77286-2', 2023, 4, 0),
(162, 'Golden Dream and Bone', '978-5-127-64381-0', 1995, 5, 2),
(163, 'Final Road of the Lost', '978-5-329-13694-5', 1976, 3, 1),
(164, 'Silent Kingdom of Memory', '978-7-812-28191-7', 1998, 5, 0),
(165, 'Shadow Throne of Shadows', '978-4-320-29597-8', 2016, 5, 4),
(166, 'Hollow Ocean of Memory', '978-3-408-25970-0', 1985, 4, 4),
(167, 'Distant Throne of Fire', '978-7-711-80261-0', 2010, 5, 4),
(168, 'Final Song of Ice', '978-4-539-10205-9', 1992, 2, 2),
(169, 'Hollow Mountain Untold', '978-1-636-57265-1', 2003, 5, 4),
(170, 'Iron Peace Undone', '978-0-499-71621-0', 2010, 4, 2),
(171, 'Last Voice of Shadows', '978-5-907-18855-5', 1985, 1, 1),
(172, 'Silent Kingdom and Dust', '978-8-446-94252-2', 2023, 4, 3),
(173, 'Falling Mountain of Ice', '978-1-833-69988-0', 1988, 2, 0),
(174, 'Iron City of Kings', '978-5-417-77552-6', 2022, 5, 3),
(175, 'Last Kingdom Eternal', '978-3-392-56789-0', 2011, 3, 2),
(176, 'Dark Mind and Dust', '978-6-509-67637-6', 1991, 2, 1),
(177, 'Cursed War and Dust', '978-8-373-20828-6', 1975, 4, 4),
(178, 'Glass Mountain Undone', '978-4-428-23447-1', 1990, 3, 2),
(179, 'Distant Wind and Blood', '978-2-806-68183-5', 1998, 1, 1),
(180, 'Rising Path of Time', '978-0-176-97973-6', 1993, 5, 5),
(181, 'Stolen Mountain of Shadows', '978-2-969-89635-7', 1972, 2, 0),
(182, 'Final Heart Eternal', '978-5-470-60181-9', 1972, 5, 1),
(183, 'Stolen Journey and Dust', '978-5-554-20077-9', 1978, 5, 2),
(184, 'Frozen Storm Eternal', '978-4-355-24869-0', 2017, 2, 1),
(185, 'Wild Road Undone', '978-1-368-44116-7', 1983, 5, 2),
(186, 'Cursed Key and Steel', '978-3-225-27790-1', 1998, 2, 2),
(187, 'Distant Throne Untold', '978-5-783-55537-1', 2005, 5, 2),
(188, 'Shadow Dawn of Secrets', '978-2-912-57381-8', 1984, 1, 0),
(189, 'Iron Forest of Darkness', '978-7-126-57303-8', 2006, 3, 3),
(190, 'Iron Fire of Ice', '978-9-188-18617-4', 1995, 4, 4),
(191, 'Hollow Heart and Blood', '978-9-175-26426-5', 2011, 1, 1),
(192, 'Distant Dark Reborn', '978-5-231-82260-9', 1981, 2, 1),
(193, 'Wild Key of Kings', '978-1-630-30056-4', 1980, 2, 1),
(194, 'Golden Song of Darkness', '978-5-631-47230-1', 1986, 2, 2),
(195, 'Infinite Night of Ice', '978-4-729-79924-1', 2002, 2, 2),
(196, 'Shattered Forest of Secrets', '978-9-837-89316-5', 2023, 5, 0),
(197, 'Glass World of Shadows', '978-1-146-94076-9', 1986, 2, 2),
(198, 'Hollow Wind Eternal', '978-0-609-92203-8', 1988, 3, 3),
(199, 'Final Mind Untold', '978-6-404-69446-1', 2014, 1, 0),
(200, 'Distant Path and Steel', '978-7-308-54589-9', 1979, 3, 2);
/*!40000 ALTER TABLE books ENABLE KEYS */;
UNLOCK TABLES;

-- ------------------------------------------------------------
-- BOOK_DESCRIPTIONS (1:1 med books)
-- ------------------------------------------------------------
DROP TABLE IF EXISTS `book_descriptions`;
/*!40101 SET @saved_cs_client     = @@character_set_client */;
/*!50503 SET character_set_client = utf8mb4 */;
CREATE TABLE book_descriptions (
    book_id     INT PRIMARY KEY,
    summary     TEXT,
    language        VARCHAR(50),
    page_count  INT,
    CONSTRAINT fk_bookdesc_book
        FOREIGN KEY (book_id) REFERENCES books(id)
        ON DELETE CASCADE
) ENGINE=InnoDB DEFAULT CHARSET=utf8mb4;
/*!40101 SET character_set_client = @saved_cs_client */;

-- BOOK_DESCRIPTIONS
LOCK TABLES `book_descriptions` WRITE;
/*!40000 ALTER TABLE `book_descriptions` DISABLE KEYS */;
INSERT INTO book_descriptions (book_id, summary, language, page_count) VALUES
(1, 'A quiet, devastating novel about ordinary people caught in extraordinary events.', 'German', 588),
(2, 'A deeply personal story about loss, love, and finding one''s place in the world.', 'German', 707),
(3, 'A beautifully written meditation on grief, hope, and the resilience of the human spirit.', 'English', 506),
(4, 'A thrilling adventure that keeps you on the edge of your seat until the very last page.', 'Spanish', 305),
(5, 'A haunting narrative that explores the darkest corners of human nature.', 'Spanish', 433),
(6, 'A deeply personal story about loss, love, and finding one''s place in the world.', 'English', 231),
(7, 'A haunting narrative that explores the darkest corners of human nature.', 'French', 608),
(8, 'A thrilling adventure that keeps you on the edge of your seat until the very last page.', 'English', 515),
(9, 'A tender and funny account of growing up in a world full of contradictions.', 'German', 374),
(10, 'A bold and inventive work that pushes the boundaries of storytelling.', 'English', 690),
(11, 'A beautifully written meditation on grief, hope, and the resilience of the human spirit.', 'Spanish', 690),
(12, 'A tender and funny account of growing up in a world full of contradictions.', 'Swedish', 689),
(13, 'A gripping tale of survival and sacrifice in a world turned upside down.', 'English', 582),
(14, 'A beautifully written meditation on grief, hope, and the resilience of the human spirit.', 'Spanish', 426),
(15, 'A thrilling adventure that keeps you on the edge of your seat until the very last page.', 'German', 229),
(16, 'A gripping tale of survival and sacrifice in a world turned upside down.', 'Swedish', 686),
(17, 'A fast-paced thriller with twists that will leave you breathless.', 'Spanish', 472),
(18, 'A beautifully written meditation on grief, hope, and the resilience of the human spirit.', 'English', 290),
(19, 'A sweeping saga spanning generations and continents, bound together by one family''s secret.', 'English', 450),
(20, 'A quiet, devastating novel about ordinary people caught in extraordinary events.', 'German', 592),
(21, 'An unforgettable story of friendship tested by impossible circumstances.', 'English', 590),
(22, 'A gripping tale of survival and sacrifice in a world turned upside down.', 'English', 551),
(23, 'A beautifully written meditation on grief, hope, and the resilience of the human spirit.', 'Swedish', 255),
(24, 'A sweeping saga spanning generations and continents, bound together by one family''s secret.', 'Spanish', 743),
(25, 'A haunting narrative that explores the darkest corners of human nature.', 'English', 311),
(26, 'An epic journey through uncharted lands filled with danger and wonder.', 'French', 562),
(27, 'A bold and inventive work that pushes the boundaries of storytelling.', 'German', 751),
(28, 'An unforgettable story of friendship tested by impossible circumstances.', 'English', 383),
(29, 'A fast-paced thriller with twists that will leave you breathless.', 'French', 692),
(30, 'A gripping tale of survival and sacrifice in a world turned upside down.', 'English', 219),
(31, 'A deeply personal story about loss, love, and finding one''s place in the world.', 'German', 665),
(32, 'A beautifully written meditation on grief, hope, and the resilience of the human spirit.', 'Spanish', 332),
(33, 'A fast-paced thriller with twists that will leave you breathless.', 'English', 515),
(34, 'A tender and funny account of growing up in a world full of contradictions.', 'German', 346),
(35, 'A sweeping saga spanning generations and continents, bound together by one family''s secret.', 'Swedish', 524),
(36, 'A beautifully written meditation on grief, hope, and the resilience of the human spirit.', 'Spanish', 756),
(37, 'A haunting narrative that explores the darkest corners of human nature.', 'Spanish', 197),
(38, 'An unforgettable story of friendship tested by impossible circumstances.', 'German', 292),
(39, 'A sweeping saga spanning generations and continents, bound together by one family''s secret.', 'Swedish', 207),
(40, 'A fast-paced thriller with twists that will leave you breathless.', 'Spanish', 451),
(41, 'A richly imagined world populated with unforgettable characters and moral complexity.', 'English', 232),
(42, 'A fast-paced thriller with twists that will leave you breathless.', 'Spanish', 354),
(43, 'A beautifully written meditation on grief, hope, and the resilience of the human spirit.', 'French', 331),
(44, 'A masterfully crafted mystery with a shocking conclusion.', 'English', 212),
(45, 'A fast-paced thriller with twists that will leave you breathless.', 'English', 375),
(46, 'A gripping tale of survival and sacrifice in a world turned upside down.', 'Spanish', 501),
(47, 'A sweeping saga spanning generations and continents, bound together by one family''s secret.', 'English', 602),
(48, 'A quiet, devastating novel about ordinary people caught in extraordinary events.', 'English', 600),
(49, 'A beautifully written meditation on grief, hope, and the resilience of the human spirit.', 'Spanish', 243),
(50, 'A quiet, devastating novel about ordinary people caught in extraordinary events.', 'English', 711),
(51, 'A thrilling adventure that keeps you on the edge of your seat until the very last page.', 'German', 669),
(52, 'A beautifully written meditation on grief, hope, and the resilience of the human spirit.', 'French', 501),
(53, 'A deeply personal story about loss, love, and finding one''s place in the world.', 'Spanish', 725),
(54, 'An unforgettable story of friendship tested by impossible circumstances.', 'German', 450),
(55, 'A fast-paced thriller with twists that will leave you breathless.', 'Spanish', 376),
(56, 'A thrilling adventure that keeps you on the edge of your seat until the very last page.', 'Swedish', 751),
(57, 'A haunting narrative that explores the darkest corners of human nature.', 'English', 484),
(58, 'A bold and inventive work that pushes the boundaries of storytelling.', 'Swedish', 392),
(59, 'A quiet, devastating novel about ordinary people caught in extraordinary events.', 'Spanish', 504),
(60, 'A thought-provoking exploration of identity, memory, and what it means to be human.', 'German', 753),
(61, 'A tender and funny account of growing up in a world full of contradictions.', 'Swedish', 474),
(62, 'An epic journey through uncharted lands filled with danger and wonder.', 'French', 584),
(63, 'A masterfully crafted mystery with a shocking conclusion.', 'German', 329),
(64, 'A haunting narrative that explores the darkest corners of human nature.', 'English', 474),
(65, 'A quiet, devastating novel about ordinary people caught in extraordinary events.', 'English', 534),
(66, 'A tender and funny account of growing up in a world full of contradictions.', 'Spanish', 442),
(67, 'A quiet, devastating novel about ordinary people caught in extraordinary events.', 'Spanish', 399),
(68, 'A thrilling adventure that keeps you on the edge of your seat until the very last page.', 'Swedish', 755),
(69, 'A quiet, devastating novel about ordinary people caught in extraordinary events.', 'Swedish', 320),
(70, 'An epic journey through uncharted lands filled with danger and wonder.', 'English', 428),
(71, 'A gripping tale of survival and sacrifice in a world turned upside down.', 'English', 418),
(72, 'A gripping tale of survival and sacrifice in a world turned upside down.', 'English', 603),
(73, 'An unforgettable story of friendship tested by impossible circumstances.', 'Spanish', 282),
(74, 'A richly imagined world populated with unforgettable characters and moral complexity.', 'English', 185),
(75, 'A beautifully written meditation on grief, hope, and the resilience of the human spirit.', 'English', 596),
(76, 'A richly imagined world populated with unforgettable characters and moral complexity.', 'Spanish', 668),
(77, 'A richly imagined world populated with unforgettable characters and moral complexity.', 'English', 474),
(78, 'An unforgettable story of friendship tested by impossible circumstances.', 'Swedish', 240),
(79, 'A tender and funny account of growing up in a world full of contradictions.', 'English', 767),
(80, 'A thrilling adventure that keeps you on the edge of your seat until the very last page.', 'English', 359),
(81, 'A sweeping saga spanning generations and continents, bound together by one family''s secret.', 'English', 217),
(82, 'A masterfully crafted mystery with a shocking conclusion.', 'French', 687),
(83, 'A deeply personal story about loss, love, and finding one''s place in the world.', 'Swedish', 218),
(84, 'A gripping tale of survival and sacrifice in a world turned upside down.', 'Swedish', 761),
(85, 'A fast-paced thriller with twists that will leave you breathless.', 'English', 523),
(86, 'A haunting narrative that explores the darkest corners of human nature.', 'Spanish', 736),
(87, 'A beautifully written meditation on grief, hope, and the resilience of the human spirit.', 'Spanish', 317),
(88, 'A masterfully crafted mystery with a shocking conclusion.', 'Spanish', 459),
(89, 'A thrilling adventure that keeps you on the edge of your seat until the very last page.', 'English', 518),
(90, 'A deeply personal story about loss, love, and finding one''s place in the world.', 'Spanish', 443),
(91, 'A quiet, devastating novel about ordinary people caught in extraordinary events.', 'English', 194),
(92, 'A quiet, devastating novel about ordinary people caught in extraordinary events.', 'German', 482),
(93, 'A fast-paced thriller with twists that will leave you breathless.', 'English', 359),
(94, 'A fast-paced thriller with twists that will leave you breathless.', 'French', 617),
(95, 'A beautifully written meditation on grief, hope, and the resilience of the human spirit.', 'German', 268),
(96, 'A sweeping saga spanning generations and continents, bound together by one family''s secret.', 'English', 369),
(97, 'A deeply personal story about loss, love, and finding one''s place in the world.', 'Spanish', 511),
(98, 'A tender and funny account of growing up in a world full of contradictions.', 'English', 186),
(99, 'A haunting narrative that explores the darkest corners of human nature.', 'French', 421),
(100, 'A thought-provoking exploration of identity, memory, and what it means to be human.', 'Swedish', 517),
(101, 'A haunting narrative that explores the darkest corners of human nature.', 'English', 447),
(102, 'A richly imagined world populated with unforgettable characters and moral complexity.', 'German', 421),
(103, 'A gripping tale of survival and sacrifice in a world turned upside down.', 'English', 656),
(104, 'A haunting narrative that explores the darkest corners of human nature.', 'English', 595),
(105, 'A richly imagined world populated with unforgettable characters and moral complexity.', 'Swedish', 300),
(106, 'A richly imagined world populated with unforgettable characters and moral complexity.', 'Swedish', 556),
(107, 'A fast-paced thriller with twists that will leave you breathless.', 'English', 404),
(108, 'A deeply personal story about loss, love, and finding one''s place in the world.', 'Spanish', 336),
(109, 'A thought-provoking exploration of identity, memory, and what it means to be human.', 'German', 605),
(110, 'A quiet, devastating novel about ordinary people caught in extraordinary events.', 'Spanish', 730),
(111, 'A bold and inventive work that pushes the boundaries of storytelling.', 'English', 433),
(112, 'A richly imagined world populated with unforgettable characters and moral complexity.', 'English', 718),
(113, 'A thought-provoking exploration of identity, memory, and what it means to be human.', 'German', 259),
(114, 'A tender and funny account of growing up in a world full of contradictions.', 'English', 243),
(115, 'A masterfully crafted mystery with a shocking conclusion.', 'English', 766),
(116, 'A beautifully written meditation on grief, hope, and the resilience of the human spirit.', 'English', 348),
(117, 'An unforgettable story of friendship tested by impossible circumstances.', 'Spanish', 299),
(118, 'A richly imagined world populated with unforgettable characters and moral complexity.', 'English', 777),
(119, 'A thought-provoking exploration of identity, memory, and what it means to be human.', 'English', 702),
(120, 'A thought-provoking exploration of identity, memory, and what it means to be human.', 'English', 644),
(121, 'A deeply personal story about loss, love, and finding one''s place in the world.', 'French', 647),
(122, 'A fast-paced thriller with twists that will leave you breathless.', 'English', 752),
(123, 'A thought-provoking exploration of identity, memory, and what it means to be human.', 'Swedish', 202),
(124, 'A sweeping saga spanning generations and continents, bound together by one family''s secret.', 'Swedish', 183),
(125, 'A quiet, devastating novel about ordinary people caught in extraordinary events.', 'English', 772),
(126, 'An epic journey through uncharted lands filled with danger and wonder.', 'English', 613),
(127, 'An unforgettable story of friendship tested by impossible circumstances.', 'English', 734),
(128, 'A gripping tale of survival and sacrifice in a world turned upside down.', 'English', 663),
(129, 'A gripping tale of survival and sacrifice in a world turned upside down.', 'Swedish', 598),
(130, 'A deeply personal story about loss, love, and finding one''s place in the world.', 'English', 610),
(131, 'An unforgettable story of friendship tested by impossible circumstances.', 'French', 639),
(132, 'A masterfully crafted mystery with a shocking conclusion.', 'French', 564),
(133, 'An epic journey through uncharted lands filled with danger and wonder.', 'English', 536),
(134, 'An epic journey through uncharted lands filled with danger and wonder.', 'English', 730),
(135, 'A sweeping saga spanning generations and continents, bound together by one family''s secret.', 'English', 408),
(136, 'A masterfully crafted mystery with a shocking conclusion.', 'English', 203),
(137, 'A haunting narrative that explores the darkest corners of human nature.', 'Spanish', 737),
(138, 'A sweeping saga spanning generations and continents, bound together by one family''s secret.', 'French', 415),
(139, 'A thrilling adventure that keeps you on the edge of your seat until the very last page.', 'Spanish', 534),
(140, 'A deeply personal story about loss, love, and finding one''s place in the world.', 'Swedish', 373),
(141, 'A tender and funny account of growing up in a world full of contradictions.', 'English', 212),
(142, 'A bold and inventive work that pushes the boundaries of storytelling.', 'French', 196),
(143, 'A thrilling adventure that keeps you on the edge of your seat until the very last page.', 'English', 248),
(144, 'An epic journey through uncharted lands filled with danger and wonder.', 'English', 637),
(145, 'A fast-paced thriller with twists that will leave you breathless.', 'English', 430),
(146, 'A quiet, devastating novel about ordinary people caught in extraordinary events.', 'English', 591),
(147, 'A thought-provoking exploration of identity, memory, and what it means to be human.', 'English', 732),
(148, 'A thrilling adventure that keeps you on the edge of your seat until the very last page.', 'English', 323),
(149, 'A beautifully written meditation on grief, hope, and the resilience of the human spirit.', 'Swedish', 419),
(150, 'A masterfully crafted mystery with a shocking conclusion.', 'German', 771),
(151, 'A fast-paced thriller with twists that will leave you breathless.', 'German', 422),
(152, 'A haunting narrative that explores the darkest corners of human nature.', 'English', 713),
(153, 'A thrilling adventure that keeps you on the edge of your seat until the very last page.', 'French', 487),
(154, 'A haunting narrative that explores the darkest corners of human nature.', 'English', 750),
(155, 'A fast-paced thriller with twists that will leave you breathless.', 'English', 617),
(156, 'A beautifully written meditation on grief, hope, and the resilience of the human spirit.', 'Spanish', 228),
(157, 'An unforgettable story of friendship tested by impossible circumstances.', 'French', 717),
(158, 'An unforgettable story of friendship tested by impossible circumstances.', 'French', 598),
(159, 'A deeply personal story about loss, love, and finding one''s place in the world.', 'Swedish', 565),
(160, 'A deeply personal story about loss, love, and finding one''s place in the world.', 'Spanish', 426),
(161, 'A masterfully crafted mystery with a shocking conclusion.', 'English', 487),
(162, 'A masterfully crafted mystery with a shocking conclusion.', 'English', 654),
(163, 'A tender and funny account of growing up in a world full of contradictions.', 'English', 755),
(164, 'A sweeping saga spanning generations and continents, bound together by one family''s secret.', 'French', 750),
(165, 'A beautifully written meditation on grief, hope, and the resilience of the human spirit.', 'English', 577),
(166, 'A thrilling adventure that keeps you on the edge of your seat until the very last page.', 'Swedish', 388),
(167, 'An unforgettable story of friendship tested by impossible circumstances.', 'English', 640),
(168, 'A masterfully crafted mystery with a shocking conclusion.', 'German', 274),
(169, 'A beautifully written meditation on grief, hope, and the resilience of the human spirit.', 'English', 232),
(170, 'A haunting narrative that explores the darkest corners of human nature.', 'French', 220),
(171, 'A masterfully crafted mystery with a shocking conclusion.', 'English', 372),
(172, 'A bold and inventive work that pushes the boundaries of storytelling.', 'English', 670),
(173, 'A thrilling adventure that keeps you on the edge of your seat until the very last page.', 'German', 490),
(174, 'A tender and funny account of growing up in a world full of contradictions.', 'English', 396),
(175, 'A tender and funny account of growing up in a world full of contradictions.', 'English', 300),
(176, 'A quiet, devastating novel about ordinary people caught in extraordinary events.', 'Spanish', 428),
(177, 'A quiet, devastating novel about ordinary people caught in extraordinary events.', 'English', 586),
(178, 'A tender and funny account of growing up in a world full of contradictions.', 'English', 745),
(179, 'An unforgettable story of friendship tested by impossible circumstances.', 'Swedish', 569),
(180, 'A thought-provoking exploration of identity, memory, and what it means to be human.', 'German', 495),
(181, 'A haunting narrative that explores the darkest corners of human nature.', 'German', 705),
(182, 'A tender and funny account of growing up in a world full of contradictions.', 'Spanish', 657),
(183, 'An epic journey through uncharted lands filled with danger and wonder.', 'Spanish', 507),
(184, 'A tender and funny account of growing up in a world full of contradictions.', 'English', 559),
(185, 'An unforgettable story of friendship tested by impossible circumstances.', 'French', 226),
(186, 'A fast-paced thriller with twists that will leave you breathless.', 'English', 329),
(187, 'A gripping tale of survival and sacrifice in a world turned upside down.', 'Swedish', 746),
(188, 'A tender and funny account of growing up in a world full of contradictions.', 'French', 482),
(189, 'A deeply personal story about loss, love, and finding one''s place in the world.', 'English', 517),
(190, 'A thrilling adventure that keeps you on the edge of your seat until the very last page.', 'French', 763),
(191, 'A masterfully crafted mystery with a shocking conclusion.', 'English', 691),
(192, 'A beautifully written meditation on grief, hope, and the resilience of the human spirit.', 'German', 443),
(193, 'A bold and inventive work that pushes the boundaries of storytelling.', 'Spanish', 682),
(194, 'A thought-provoking exploration of identity, memory, and what it means to be human.', 'English', 540),
(195, 'A deeply personal story about loss, love, and finding one''s place in the world.', 'English', 739),
(196, 'A thought-provoking exploration of identity, memory, and what it means to be human.', 'English', 735),
(197, 'A richly imagined world populated with unforgettable characters and moral complexity.', 'English', 716),
(198, 'A gripping tale of survival and sacrifice in a world turned upside down.', 'English', 229),
(199, 'A bold and inventive work that pushes the boundaries of storytelling.', 'English', 602),
(200, 'A deeply personal story about loss, love, and finding one''s place in the world.', 'English', 249);
/*!40000 ALTER TABLE `book_descriptions` ENABLE KEYS */;
UNLOCK TABLES;

-- ------------------------------------------------------------
-- BOOK_AUTHORS (M:M books <-> authors)
-- ------------------------------------------------------------
DROP TABLE IF EXISTS `book_authors`;
/*!40101 SET @saved_cs_client     = @@character_set_client */;
/*!50503 SET character_set_client = utf8mb4 */;
CREATE TABLE book_authors (
    book_id     INT NOT NULL,
    author_id   INT NOT NULL,
    PRIMARY KEY (book_id, author_id),
    CONSTRAINT fk_bookauthors_book
        FOREIGN KEY (book_id) REFERENCES books(id)
        ON DELETE CASCADE,
    CONSTRAINT fk_bookauthors_author
        FOREIGN KEY (author_id) REFERENCES authors(id)
        ON DELETE CASCADE
) ENGINE=InnoDB DEFAULT CHARSET=utf8mb4;
/*!40101 SET character_set_client = @saved_cs_client */;

-- BOOK_AUTHORS
LOCK TABLES `book_authors` WRITE;
/*!40000 ALTER TABLE `book_authors` DISABLE KEYS */;
INSERT INTO book_authors (book_id, author_id) VALUES
(1, 1),
(2, 30),
(3, 40),
(4, 60),
(5, 31),
(6, 2),
(7, 36),
(8, 2),
(9, 18),
(10, 19),
(11, 53),
(12, 28),
(13, 59),
(14, 59),
(15, 10),
(16, 40),
(17, 53),
(18, 51),
(19, 24),
(20, 30),
(20, 37),
(21, 45),
(22, 44),
(23, 6),
(24, 55),
(25, 3),
(26, 25),
(27, 31),
(28, 1),
(29, 6),
(30, 28),
(31, 22),
(32, 55),
(33, 58),
(33, 34),
(34, 15),
(34, 14),
(35, 45),
(35, 57),
(36, 18),
(37, 5),
(38, 18),
(39, 37),
(39, 43),
(40, 60),
(41, 2),
(41, 14),
(42, 49),
(43, 53),
(44, 5),
(45, 37),
(46, 54),
(47, 44),
(48, 22),
(48, 25),
(49, 9),
(50, 45),
(51, 33),
(52, 23),
(53, 28),
(54, 5),
(55, 50),
(56, 39),
(57, 50),
(58, 41),
(59, 29),
(60, 23),
(61, 25),
(62, 44),
(63, 25),
(64, 40),
(65, 16),
(66, 6),
(67, 25),
(68, 41),
(69, 25),
(70, 7),
(71, 20),
(72, 49),
(73, 9),
(74, 28),
(75, 36),
(76, 7),
(77, 23),
(78, 39),
(79, 21),
(80, 1),
(80, 19),
(81, 50),
(82, 58),
(83, 16),
(84, 11),
(85, 11),
(86, 20),
(87, 10),
(88, 28),
(89, 20),
(90, 5),
(91, 16),
(92, 32),
(93, 13),
(94, 9),
(95, 26),
(96, 40),
(97, 56),
(98, 22),
(99, 53),
(100, 39),
(100, 9),
(101, 39),
(102, 13),
(102, 31),
(103, 26),
(104, 19),
(104, 48),
(105, 32),
(106, 51),
(106, 16),
(107, 18),
(108, 26),
(109, 60),
(110, 38),
(111, 12),
(111, 44),
(112, 2),
(113, 30),
(113, 46),
(114, 52),
(115, 45),
(116, 55),
(117, 27),
(118, 9),
(119, 16),
(120, 10),
(121, 51),
(122, 29),
(123, 31),
(123, 38),
(124, 33),
(125, 56),
(125, 45),
(126, 3),
(127, 24),
(128, 52),
(129, 41),
(130, 7),
(130, 50),
(131, 43),
(132, 42),
(133, 37),
(134, 44),
(134, 42),
(135, 49),
(136, 51),
(137, 1),
(138, 15),
(139, 34),
(140, 45),
(141, 29),
(142, 30),
(143, 38),
(144, 10),
(145, 2),
(146, 19),
(147, 6),
(148, 47),
(149, 20),
(150, 51),
(151, 31),
(152, 7),
(153, 45),
(154, 5),
(155, 52),
(156, 2),
(157, 42),
(158, 52),
(159, 48),
(160, 12),
(161, 22),
(162, 30),
(163, 26),
(164, 12),
(165, 28),
(166, 48),
(167, 13),
(168, 28),
(169, 46),
(170, 18),
(171, 52),
(172, 37),
(173, 56),
(174, 24),
(175, 30),
(176, 43),
(177, 34),
(177, 41),
(178, 25),
(179, 38),
(180, 23),
(181, 40),
(182, 44),
(183, 20),
(184, 38),
(184, 6),
(185, 21),
(186, 20),
(187, 24),
(188, 33),
(189, 39),
(190, 25),
(191, 32),
(192, 45),
(193, 60),
(193, 12),
(194, 32),
(195, 12),
(196, 29),
(197, 56),
(198, 1),
(199, 13),
(200, 36);
/*!40000 ALTER TABLE `book_authors` ENABLE KEYS */;
UNLOCK TABLES;

-- ------------------------------------------------------------
-- CATEGORIES
-- ------------------------------------------------------------
DROP TABLE IF EXISTS `categories`;
/*!40101 SET @saved_cs_client     = @@character_set_client */;
/*!50503 SET character_set_client = utf8mb4 */;
CREATE TABLE categories (
    id          INT AUTO_INCREMENT PRIMARY KEY,
    name        VARCHAR(100) NOT NULL,
    description VARCHAR(255)
) ENGINE=InnoDB DEFAULT CHARSET=utf8mb4;
/*!40101 SET character_set_client = @saved_cs_client */;

-- CATEGORIES
LOCK TABLES `categories` WRITE;
/*!40000 ALTER TABLE `categories` DISABLE KEYS */;
INSERT INTO categories (id, name, description) VALUES
(1, 'Fiction', 'Narrative literature created from imagination'),
(2, 'Non-Fiction', 'Prose based on real events and facts'),
(3, 'Science Fiction', 'Speculative fiction involving science and technology'),
(4, 'Fantasy', 'Fiction involving magic and supernatural elements'),
(5, 'Mystery', 'Fiction dealing with crime and investigation'),
(6, 'Thriller', 'Fiction designed to hold interest through suspense'),
(7, 'Romance', 'Fiction focused on love and relationships'),
(8, 'Historical Fiction', 'Fiction set in a historical period'),
(9, 'Biography', 'Non-fiction account of a person''s life'),
(10, 'Self-Help', 'Books intended to help readers improve themselves'),
(11, 'Horror', 'Fiction intended to frighten or disturb'),
(12, 'Adventure', 'Fiction involving exciting journeys or events');
/*!40000 ALTER TABLE `categories` ENABLE KEYS */;
UNLOCK TABLES;

-- ------------------------------------------------------------
-- BOOK_CATEGORIES (M:M books <-> categories)
-- ------------------------------------------------------------
DROP TABLE IF EXISTS `book_categories`;
/*!40101 SET @saved_cs_client     = @@character_set_client */;
/*!50503 SET character_set_client = utf8mb4 */;
CREATE TABLE book_categories (
    book_id     INT NOT NULL,
    category_id INT NOT NULL,
    PRIMARY KEY (book_id, category_id),
    CONSTRAINT fk_bookcats_book
        FOREIGN KEY (book_id) REFERENCES books(id)
        ON DELETE CASCADE,
    CONSTRAINT fk_bookcats_category
        FOREIGN KEY (category_id) REFERENCES categories(id)
        ON DELETE CASCADE
) ENGINE=InnoDB DEFAULT CHARSET=utf8mb4;
/*!40101 SET character_set_client = @saved_cs_client */;

-- BOOK_CATEGORIES
LOCK TABLES `book_categories` WRITE;
/*!40000 ALTER TABLE `book_categories` DISABLE KEYS */;
INSERT INTO book_categories (book_id, category_id) VALUES
(1, 11),
(1, 8),
(1, 7),
(2, 8),
(2, 7),
(2, 12),
(3, 3),
(3, 2),
(4, 1),
(4, 4),
(4, 5),
(5, 5),
(6, 9),
(7, 3),
(7, 8),
(8, 12),
(8, 8),
(8, 9),
(9, 2),
(9, 10),
(9, 12),
(10, 9),
(10, 6),
(11, 1),
(11, 8),
(11, 9),
(12, 7),
(13, 12),
(14, 4),
(14, 5),
(14, 1),
(15, 5),
(15, 6),
(16, 8),
(17, 4),
(18, 12),
(19, 12),
(19, 6),
(19, 10),
(20, 7),
(20, 3),
(20, 10),
(21, 4),
(22, 1),
(23, 6),
(23, 9),
(23, 5),
(24, 9),
(24, 3),
(24, 6),
(25, 5),
(25, 12),
(25, 10),
(26, 9),
(26, 11),
(27, 3),
(28, 1),
(28, 5),
(29, 3),
(29, 12),
(29, 4),
(30, 12),
(31, 4),
(31, 11),
(32, 8),
(32, 3),
(33, 11),
(33, 5),
(33, 7),
(34, 8),
(34, 2),
(35, 2),
(35, 7),
(35, 9),
(36, 5),
(36, 6),
(36, 8),
(37, 6),
(37, 10),
(38, 12),
(39, 12),
(40, 11),
(40, 12),
(41, 6),
(41, 2),
(41, 9),
(42, 4),
(42, 7),
(43, 8),
(44, 6),
(44, 5),
(45, 9),
(45, 10),
(46, 10),
(47, 6),
(47, 11),
(48, 1),
(49, 11),
(50, 1),
(50, 2),
(51, 8),
(52, 1),
(52, 7),
(53, 12),
(54, 11),
(55, 3),
(55, 5),
(56, 11),
(57, 5),
(57, 2),
(58, 11),
(58, 12),
(59, 1),
(60, 11),
(60, 5),
(61, 12),
(61, 4),
(61, 7),
(62, 2),
(62, 12),
(62, 1),
(63, 8),
(64, 3),
(65, 4),
(65, 9),
(65, 8),
(66, 1),
(67, 6),
(67, 2),
(67, 7),
(68, 3),
(68, 8),
(68, 2),
(69, 7),
(70, 12),
(71, 2),
(72, 6),
(72, 5),
(73, 7),
(74, 11),
(75, 3),
(75, 2),
(75, 9),
(76, 1),
(76, 10),
(76, 3),
(77, 6),
(77, 4),
(78, 12),
(78, 3),
(78, 7),
(79, 11),
(79, 8),
(79, 4),
(80, 2),
(81, 2),
(82, 12),
(82, 7),
(82, 6),
(83, 6),
(83, 3),
(84, 5),
(85, 2),
(85, 4),
(85, 9),
(86, 10),
(86, 12),
(86, 5),
(87, 1),
(87, 11),
(87, 5),
(88, 9),
(89, 9),
(89, 4),
(89, 7),
(90, 11),
(90, 1),
(91, 8),
(92, 2),
(92, 4),
(93, 11),
(93, 10),
(94, 9),
(95, 6),
(96, 3),
(96, 7),
(97, 7),
(97, 6),
(97, 9),
(98, 3),
(98, 8),
(98, 2),
(99, 10),
(100, 1),
(101, 4),
(101, 1),
(102, 7),
(103, 5),
(103, 11),
(103, 9),
(104, 7),
(104, 12),
(105, 11),
(106, 9),
(106, 10),
(106, 3),
(107, 2),
(107, 5),
(108, 9),
(109, 3),
(110, 6),
(110, 7),
(110, 10),
(111, 11),
(111, 12),
(111, 2),
(112, 12),
(112, 7),
(113, 4),
(113, 1),
(113, 12),
(114, 7),
(115, 8),
(116, 10),
(116, 1),
(116, 5),
(117, 12),
(117, 11),
(117, 3),
(118, 1),
(119, 3),
(119, 1),
(119, 12),
(120, 6),
(120, 9),
(121, 12),
(121, 5),
(121, 3),
(122, 3),
(122, 5),
(123, 2),
(123, 1),
(123, 6),
(124, 5),
(124, 9),
(125, 5),
(126, 10),
(126, 11),
(126, 2),
(127, 8),
(127, 9),
(128, 1),
(128, 8),
(129, 3),
(129, 6),
(129, 12),
(130, 2),
(130, 10),
(131, 12),
(131, 2),
(131, 4),
(132, 9),
(132, 1),
(132, 11),
(133, 4),
(134, 8),
(135, 7),
(135, 3),
(136, 1),
(137, 12),
(137, 11),
(137, 7),
(138, 6),
(139, 7),
(140, 6),
(140, 5),
(140, 2),
(141, 6),
(141, 2),
(141, 9),
(142, 1),
(142, 3),
(142, 4),
(143, 1),
(143, 7),
(143, 2),
(144, 5),
(144, 12),
(145, 2),
(145, 9),
(146, 1),
(146, 6),
(147, 5),
(148, 5),
(148, 10),
(148, 4),
(149, 6),
(149, 10),
(150, 4),
(150, 9),
(151, 3),
(152, 7),
(153, 4),
(154, 6),
(154, 11),
(154, 1),
(155, 1),
(155, 11),
(156, 12),
(156, 5),
(157, 4),
(158, 4),
(158, 7),
(158, 8),
(159, 3),
(160, 5),
(160, 2),
(160, 1),
(161, 9),
(162, 12),
(162, 6),
(163, 12),
(163, 2),
(164, 2),
(164, 9),
(164, 3),
(165, 7),
(165, 2),
(165, 10),
(166, 1),
(166, 7),
(166, 3),
(167, 5),
(168, 6),
(168, 7),
(169, 12),
(169, 6),
(169, 11),
(170, 5),
(170, 4),
(171, 4),
(172, 10),
(173, 3),
(174, 3),
(175, 8),
(175, 6),
(176, 2),
(176, 9),
(177, 4),
(177, 8),
(178, 8),
(178, 5),
(179, 2),
(180, 11),
(181, 12),
(181, 10),
(182, 4),
(183, 3),
(183, 2),
(184, 4),
(184, 6),
(184, 7),
(185, 1),
(185, 11),
(185, 5),
(186, 3),
(186, 1),
(187, 8),
(187, 9),
(188, 9),
(188, 4),
(188, 2),
(189, 2),
(189, 3),
(190, 1),
(191, 4),
(192, 4),
(193, 6),
(193, 11),
(194, 11),
(194, 2),
(194, 10),
(195, 5),
(195, 2),
(195, 1),
(196, 4),
(197, 8),
(197, 3),
(197, 2),
(198, 2),
(198, 1),
(199, 1),
(199, 3),
(200, 7),
(200, 12),
(200, 8);
/*!40000 ALTER TABLE `book_categories` ENABLE KEYS */;
UNLOCK TABLES;

-- ------------------------------------------------------------
-- MEMBERS
-- ------------------------------------------------------------
DROP TABLE IF EXISTS `members`;
/*!40101 SET @saved_cs_client     = @@character_set_client */;
/*!50503 SET character_set_client = utf8mb4 */;
CREATE TABLE members (
    id              INT AUTO_INCREMENT PRIMARY KEY,
    first_name      VARCHAR(100) NOT NULL,
    last_name       VARCHAR(100) NOT NULL,
    email           VARCHAR(255) NOT NULL UNIQUE,
    membership_date DATE         NOT NULL DEFAULT (CURDATE()),
    membership_type VARCHAR(50)  NOT NULL DEFAULT 'standard',
    status VARCHAR(50) NOT NULL DEFAULT 'active',
    password VARCHAR(50) NOT NULL DEFAULT 'password',
    role VARCHAR(50) NOT NULL DEFAULT 'READER'
) ENGINE=InnoDB DEFAULT CHARSET=utf8mb4;
/*!40101 SET character_set_client = @saved_cs_client */;

-- MEMBERS
LOCK TABLES `members` WRITE;
/*!40000 ALTER TABLE `members` DISABLE KEYS */;
INSERT INTO members (id, first_name, last_name, email, membership_date, membership_type, status) VALUES
(1, 'Emma', 'Hill', 'emma.hill88@email.com', '2022-10-14', 'standard', 'active'),
(2, 'Harper', 'Thomas', 'harper.thomas36@email.com', '2021-02-20', 'premium', 'active'),
(3, 'Oliver', 'Turner', 'oliver.turner80@email.com', '2020-10-03', 'standard', 'active'),
(4, 'Jackson', 'Roberts', 'jackson.roberts62@email.com', '2018-09-07', 'standard', 'active'),
(5, 'Logan', 'Wilson', 'logan.wilson54@email.com', '2020-03-27', 'standard', 'expired'),
(6, 'Jack', 'Johnson', 'jack.johnson49@email.com', '2022-01-10', 'premium', 'suspended'),
(7, 'Scarlett', 'Torres', 'scarlett.torres73@email.com', '2023-08-20', 'standard', 'active'),
(8, 'Abigail', 'Thomas', 'abigail.thomas4@email.com', '2021-07-30', 'standard', 'active'),
(9, 'Abigail', 'Brown', 'abigail.brown61@email.com', '2023-12-09', 'standard', 'suspended'),
(10, 'Mason', 'Anderson', 'mason.anderson13@email.com', '2020-10-12', 'standard', 'active'),
(11, 'Jack', 'Brown', 'jack.brown98@email.com', '2020-06-17', 'premium', 'active'),
(12, 'Amelia', 'Thomas', 'amelia.thomas31@email.com', '2021-07-26', 'standard', 'suspended'),
(13, 'Emma', 'Torres', 'emma.torres73@email.com', '2019-08-06', 'standard', 'active'),
(14, 'Jack', 'King', 'jack.king23@email.com', '2023-07-02', 'standard', 'active'),
(15, 'Sophia', 'Harris', 'sophia.harris78@email.com', '2020-06-15', 'standard', 'suspended'),
(16, 'Aiden', 'Smith', 'aiden.smith43@email.com', '2020-04-05', 'standard', 'active'),
(17, 'Amelia', 'Wright', 'amelia.wright8@email.com', '2018-03-31', 'standard', 'suspended'),
(18, 'Charlotte', 'Davis', 'charlotte.davis68@email.com', '2022-02-03', 'standard', 'active'),
(19, 'Sofia', 'Phillips', 'sofia.phillips13@email.com', '2021-10-10', 'standard', 'active'),
(20, 'Lucas', 'Anderson', 'lucas.anderson94@email.com', '2022-11-25', 'premium', 'expired'),
(21, 'Liam', 'Thomas', 'liam.thomas91@email.com', '2022-01-01', 'standard', 'expired'),
(22, 'Grace', 'Thomas', 'grace.thomas49@email.com', '2021-06-10', 'standard', 'active'),
(23, 'Amelia', 'Smith', 'amelia.smith90@email.com', '2022-05-23', 'standard', 'active'),
(24, 'Theodore', 'Wright', 'theodore.wright79@email.com', '2020-06-23', 'standard', 'active'),
(25, 'Charlotte', 'Scott', 'charlotte.scott96@email.com', '2018-11-15', 'standard', 'active'),
(26, 'Liam', 'Anderson', 'liam.anderson82@email.com', '2018-12-30', 'standard', 'active'),
(27, 'James', 'Thompson', 'james.thompson27@email.com', '2020-10-19', 'standard', 'active'),
(28, 'Ethan', 'Miller', 'ethan.miller93@email.com', '2018-01-06', 'standard', 'active'),
(29, 'Sebastian', 'Green', 'sebastian.green22@email.com', '2022-08-23', 'premium', 'active'),
(30, 'Noah', 'Carter', 'noah.carter49@email.com', '2019-02-20', 'premium', 'suspended'),
(31, 'Mason', 'Anderson', 'mason.anderson58@email.com', '2018-10-29', 'standard', 'active'),
(32, 'Emma', 'Wright', 'emma.wright34@email.com', '2019-03-05', 'standard', 'active'),
(33, 'Henry', 'Hill', 'henry.hill21@email.com', '2018-11-04', 'standard', 'active'),
(34, 'Theodore', 'Turner', 'theodore.turner62@email.com', '2018-05-07', 'premium', 'expired'),
(35, 'Henry', 'Evans', 'henry.evans56@email.com', '2019-10-06', 'standard', 'active'),
(36, 'Ava', 'White', 'ava.white25@email.com', '2022-08-04', 'standard', 'expired'),
(37, 'Daniel', 'King', 'daniel.king31@email.com', '2019-01-28', 'standard', 'active'),
(38, 'Owen', 'Roberts', 'owen.roberts63@email.com', '2019-09-22', 'standard', 'active'),
(39, 'James', 'Adams', 'james.adams12@email.com', '2021-04-21', 'premium', 'active'),
(40, 'Benjamin', 'Johnson', 'benjamin.johnson27@email.com', '2019-12-01', 'standard', 'active'),
(41, 'Aiden', 'Davis', 'aiden.davis40@email.com', '2022-06-17', 'premium', 'active'),
(42, 'Ethan', 'Garcia', 'ethan.garcia83@email.com', '2022-05-07', 'standard', 'active'),
(43, 'Logan', 'Nguyen', 'logan.nguyen24@email.com', '2022-12-31', 'standard', 'active'),
(44, 'Sebastian', 'Baker', 'sebastian.baker34@email.com', '2020-07-15', 'standard', 'suspended'),
(45, 'Sophia', 'Taylor', 'sophia.taylor97@email.com', '2019-02-01', 'standard', 'expired'),
(46, 'Noah', 'Carter', 'noah.carter53@email.com', '2020-07-20', 'standard', 'active'),
(47, 'Victoria', 'Green', 'victoria.green69@email.com', '2023-04-29', 'standard', 'active'),
(48, 'Emily', 'Garcia', 'emily.garcia51@email.com', '2018-05-23', 'standard', 'active'),
(49, 'Sebastian', 'Thomas', 'sebastian.thomas22@email.com', '2020-05-17', 'standard', 'active'),
(50, 'Oliver', 'Adams', 'oliver.adams11@email.com', '2022-11-19', 'standard', 'expired');
UPDATE members
   SET password = CASE id WHEN 1 THEN 'QaMzTpLs'
                          WHEN 2 THEN 'RkVnYeHu'
                          WHEN 3 THEN 'BxDfJmPo'
                          WHEN 4 THEN 'NtGaReWi'
                          WHEN 5 THEN 'YuKpLsAd'
                          WHEN 6 THEN 'CmZoXvNe'
                          WHEN 7 THEN 'HjTaQwEr'
                          WHEN 8 THEN 'PlMnBcXa'
                          WHEN 9 THEN 'WqErTyUi'
                          WHEN 10 THEN 'ZvCxBnMa'
                          WHEN 11 THEN 'AfGtHyJu'
                          WHEN 12 THEN 'KiLoPmNa'
                          WHEN 13 THEN 'QsWeRtYu'
                          WHEN 14 THEN 'EdCvFrTg'
                          WHEN 15 THEN 'BhNjMkLp'
                          WHEN 16 THEN 'ZaQsXwEd'
                          WHEN 17 THEN 'CrFvTgBy'
                          WHEN 18 THEN 'UnImOkJl'
                          WHEN 19 THEN 'PaSdFgHj'
                          WHEN 20 THEN 'LkJhGfDs'
                          WHEN 21 THEN 'MwQeRtYu'
                          WHEN 22 THEN 'NxZaSwEd'
                          WHEN 23 THEN 'VoPlKmJn'
                          WHEN 24 THEN 'BiHuYtRe'
                          WHEN 25 THEN 'CtRxEvWq'
                          WHEN 26 THEN 'DfGhJkLo'
                          WHEN 27 THEN 'EgTrYuIo'
                          WHEN 28 THEN 'FvBnMhJk'
                          WHEN 29 THEN 'GqWeAsZd'
                          WHEN 30 THEN 'HpLoKiJu'
                          WHEN 31 THEN 'IrTyUiOp'
                          WHEN 32 THEN 'JsDfGhJk'
                          WHEN 33 THEN 'KxCvBnMq'
                          WHEN 34 THEN 'LwErTyUi'
                          WHEN 35 THEN 'MzXaScDv'
                          WHEN 36 THEN 'NyUiOpAs'
                          WHEN 37 THEN 'ObNmLkJh'
                          WHEN 38 THEN 'PcVbNmAs'
                          WHEN 39 THEN 'QlKoMnJi'
                          WHEN 40 THEN 'RtYuIoPa'
                          WHEN 41 THEN 'SfGhJkLz'
                          WHEN 42 THEN 'TdRfTgYh'
                          WHEN 43 THEN 'UjKiOlPm'
                          WHEN 44 THEN 'VaQsWeRt'
                          WHEN 45 THEN 'WmNbVcXz'
                          WHEN 46 THEN 'XpLoKmJi'
                          WHEN 47 THEN 'YhGtFrDe'
                          WHEN 48 THEN 'ZiUxCvBn'
                          WHEN 49 THEN 'AkSjDhFg'
                          WHEN 50 THEN 'BrTyGhNu' END
 WHERE id BETWEEN 1 AND 50;

UPDATE library.members
   SET role = 'LIBRARIAN'
 WHERE id = 1;

/*!40000 ALTER TABLE `members` ENABLE KEYS */;
UNLOCK TABLES;

-- ------------------------------------------------------------
-- LOANS
-- ------------------------------------------------------------
DROP TABLE IF EXISTS `loans`;
/*!40101 SET @saved_cs_client     = @@character_set_client */;
/*!50503 SET character_set_client = utf8mb4 */;
CREATE TABLE loans (
    id          INT AUTO_INCREMENT PRIMARY KEY,
    book_id     INT  NOT NULL,
    member_id   INT,
    loan_date   DATE NOT NULL DEFAULT (CURDATE()),
    due_date    DATE NOT NULL,
    return_date DATE,
    CONSTRAINT fk_loans_book
        FOREIGN KEY (book_id) REFERENCES books(id)
        ON DELETE RESTRICT,
    CONSTRAINT fk_loans_member
        FOREIGN KEY (member_id) REFERENCES members(id)
        ON DELETE SET NULL
) ENGINE=InnoDB DEFAULT CHARSET=utf8mb4;
/*!40101 SET character_set_client = @saved_cs_client */;

-- LOANS
LOCK TABLES `loans` WRITE;
/*!40000 ALTER TABLE `loans` DISABLE KEYS */;
INSERT INTO loans (id, book_id, member_id, loan_date, due_date, return_date) VALUES
(1, 38, 39, '2022-09-22', '2022-10-13', '2022-09-27'),
(2, 23, 25, '2023-07-24', '2023-08-14', '2023-08-14'),
(3, 71, 34, '2023-04-15', '2023-05-06', '2023-04-16'),
(4, 180, 40, '2023-08-25', '2023-09-15', '2023-09-21'),
(5, 29, 27, '2022-06-03', '2022-06-24', NULL),
(6, 151, 38, '2024-02-16', '2024-03-08', '2024-02-23'),
(7, 28, 37, '2024-03-09', '2024-03-30', NULL),
(8, 74, 35, '2022-12-19', '2023-01-09', '2023-01-05'),
(9, 99, 42, '2023-05-13', '2023-06-03', '2023-06-13'),
(10, 10, 12, '2022-10-10', '2022-10-31', '2022-11-19'),
(11, 156, 44, '2023-12-12', '2024-01-02', '2024-01-07'),
(12, 85, 45, '2022-09-01', '2022-09-22', NULL),
(13, 122, 18, '2023-01-17', '2023-02-07', NULL),
(14, 78, 20, '2022-10-15', '2022-11-05', '2022-10-22'),
(15, 59, 9, '2022-11-04', '2022-11-25', '2022-12-03'),
(16, 199, 21, '2022-10-03', '2022-10-24', '2022-11-11'),
(17, 166, 6, '2022-07-12', '2022-08-02', '2022-08-08'),
(18, 190, 32, '2024-02-17', '2024-03-09', '2024-03-12'),
(19, 15, 33, '2024-03-21', '2024-04-11', NULL),
(20, 80, 46, '2023-06-03', '2023-06-24', '2023-07-07'),
(21, 146, 2, '2022-06-27', '2022-07-18', NULL),
(22, 52, 4, '2022-09-13', '2022-10-04', NULL),
(23, 13, 24, '2023-12-23', '2024-01-13', NULL),
(24, 95, 30, '2023-06-02', '2023-06-23', '2023-06-10'),
(25, 175, 2, '2022-09-05', '2022-09-26', '2022-10-14'),
(26, 115, 12, '2023-05-01', '2023-05-22', '2023-05-24'),
(27, 89, 11, '2024-05-07', '2024-05-28', '2024-05-13'),
(28, 73, 2, '2023-01-31', '2023-02-21', NULL),
(29, 147, 50, '2022-08-08', '2022-08-29', '2022-08-23'),
(30, 174, 14, '2022-10-03', '2022-10-24', '2022-11-05'),
(31, 6, 50, '2024-02-25', '2024-03-17', '2024-03-27'),
(32, 34, 42, '2022-06-27', '2022-07-18', '2022-06-28'),
(33, 58, 17, '2023-09-15', '2023-10-06', '2023-10-05'),
(34, 183, 46, '2023-10-21', '2023-11-11', NULL),
(35, 97, 23, '2023-04-16', '2023-05-07', NULL),
(36, 120, 20, '2023-11-25', '2023-12-16', '2024-01-04'),
(37, 102, 38, '2022-04-15', '2022-05-06', NULL),
(38, 170, 24, '2023-07-29', '2023-08-19', '2023-09-06'),
(39, 73, 20, '2023-12-02', '2023-12-23', NULL),
(40, 17, 22, '2022-10-11', '2022-11-01', '2022-10-29'),
(41, 67, 42, '2023-12-30', '2024-01-20', '2024-01-19'),
(42, 49, 10, '2023-06-14', '2023-07-05', '2023-06-18'),
(43, 154, 26, '2023-11-08', '2023-11-29', '2023-11-17'),
(44, 185, 2, '2023-11-03', '2023-11-24', '2023-11-22'),
(45, 67, 27, '2023-02-19', '2023-03-12', '2023-02-22'),
(46, 150, 46, '2023-08-09', '2023-08-30', '2023-08-31'),
(47, 186, 46, '2022-08-16', '2022-09-06', '2022-09-16'),
(48, 172, 23, '2023-06-04', '2023-06-25', '2023-06-15'),
(49, 169, 36, '2022-07-05', '2022-07-26', NULL),
(50, 121, 9, '2024-01-29', '2024-02-19', NULL),
(51, 144, 49, '2022-07-07', '2022-07-28', '2022-07-29'),
(52, 168, 6, '2022-08-16', '2022-09-06', '2022-09-05'),
(53, 108, 22, '2023-01-16', '2023-02-06', NULL),
(54, 76, 30, '2024-05-21', '2024-06-11', NULL),
(55, 14, 41, '2023-08-21', '2023-09-11', '2023-09-30'),
(56, 19, 31, '2022-07-19', '2022-08-09', '2022-08-13'),
(57, 136, 20, '2023-02-28', '2023-03-21', NULL),
(58, 39, 9, '2022-07-25', '2022-08-15', '2022-08-31'),
(59, 118, 10, '2022-11-20', '2022-12-11', '2022-12-02'),
(60, 200, 6, '2023-05-15', '2023-06-05', '2023-05-27'),
(61, 81, 41, '2022-03-01', '2022-03-22', NULL),
(62, 71, 14, '2024-02-19', '2024-03-11', '2024-03-27'),
(63, 196, 11, '2023-05-17', '2023-06-07', '2023-05-23'),
(64, 34, 40, '2023-03-21', '2023-04-11', '2023-04-16'),
(65, 110, 31, '2023-01-28', '2023-02-18', NULL),
(66, 137, 13, '2024-01-19', '2024-02-09', '2024-01-20'),
(67, 83, 49, '2024-05-03', '2024-05-24', '2024-05-05'),
(68, 174, 1, '2023-10-04', '2023-10-25', '2023-10-19'),
(69, 178, 23, '2022-11-16', '2022-12-07', NULL),
(70, 99, 33, '2023-08-26', '2023-09-16', '2023-08-31'),
(71, 12, 20, '2022-10-25', '2022-11-15', '2022-11-28'),
(72, 153, 34, '2022-12-12', '2023-01-02', '2022-12-21'),
(73, 88, 32, '2023-01-03', '2023-01-24', '2023-01-14'),
(74, 104, 2, '2022-08-22', '2022-09-12', NULL),
(75, 34, 14, '2024-01-22', '2024-02-12', NULL),
(76, 130, 11, '2022-05-07', '2022-05-28', '2022-05-10'),
(77, 97, 41, '2022-09-19', '2022-10-10', '2022-10-29'),
(78, 13, 39, '2022-02-19', '2022-03-12', '2022-02-21'),
(79, 13, 45, '2022-04-29', '2022-05-20', '2022-05-24'),
(80, 32, 36, '2022-09-16', '2022-10-07', '2022-09-26'),
(81, 53, 45, '2023-12-04', '2023-12-25', '2023-12-24'),
(82, 108, 43, '2022-04-14', '2022-05-05', '2022-05-02'),
(83, 160, 39, '2023-12-19', '2024-01-09', NULL),
(84, 27, 33, '2024-01-07', '2024-01-28', '2024-01-26'),
(85, 30, 7, '2023-05-25', '2023-06-15', NULL),
(86, 52, 50, '2022-09-27', '2022-10-18', '2022-10-10'),
(87, 92, 46, '2023-02-24', '2023-03-17', NULL),
(88, 11, 36, '2023-05-24', '2023-06-14', '2023-06-24'),
(89, 85, 16, '2022-01-03', '2022-01-24', NULL),
(90, 23, 8, '2024-05-05', '2024-05-26', '2024-06-06'),
(91, 39, 6, '2024-03-09', '2024-03-30', '2024-03-16'),
(92, 66, 42, '2022-08-25', '2022-09-15', '2022-09-13'),
(93, 68, 30, '2022-02-21', '2022-03-14', NULL),
(94, 45, 3, '2024-05-22', '2024-06-12', NULL),
(95, 174, 21, '2023-03-13', '2023-04-03', '2023-03-20'),
(96, 195, 3, '2022-01-10', '2022-01-31', '2022-01-21'),
(97, 85, 23, '2023-03-25', '2023-04-15', '2023-04-12'),
(98, 188, 6, '2023-01-17', '2023-02-07', '2023-01-29'),
(99, 30, 26, '2023-02-14', '2023-03-07', '2023-03-04'),
(100, 99, 45, '2024-05-21', '2024-06-11', '2024-06-17'),
(101, 167, 11, '2022-04-26', '2022-05-17', NULL),
(102, 186, 4, '2024-05-14', '2024-06-04', NULL),
(103, 107, 38, '2023-05-10', '2023-05-31', '2023-06-08'),
(104, 47, 40, '2023-01-24', '2023-02-14', '2023-03-05'),
(105, 8, 44, '2024-05-08', '2024-05-29', '2024-05-17'),
(106, 124, 32, '2022-04-26', '2022-05-17', '2022-05-25'),
(107, 12, 5, '2022-09-25', '2022-10-16', '2022-09-26'),
(108, 181, 44, '2023-06-22', '2023-07-13', '2023-07-29'),
(109, 186, 37, '2022-08-18', '2022-09-08', '2022-09-09'),
(110, 133, 34, '2023-12-06', '2023-12-27', '2023-12-13'),
(111, 111, 43, '2024-01-15', '2024-02-05', NULL),
(112, 89, 43, '2023-11-24', '2023-12-15', '2023-12-04'),
(113, 143, 40, '2022-02-25', '2022-03-18', NULL),
(114, 41, 33, '2024-05-19', '2024-06-09', '2024-06-20'),
(115, 43, 5, '2024-02-09', '2024-03-01', '2024-02-25'),
(116, 85, 18, '2022-02-21', '2022-03-14', '2022-03-29'),
(117, 165, 25, '2023-02-17', '2023-03-10', '2023-02-23'),
(118, 118, 29, '2024-03-31', '2024-04-21', '2024-04-06'),
(119, 128, 29, '2022-11-20', '2022-12-11', NULL),
(120, 128, 48, '2023-11-01', '2023-11-22', NULL),
(121, 104, 27, '2022-02-06', '2022-02-27', '2022-02-07'),
(122, 24, 39, '2023-09-26', '2023-10-17', '2023-10-29'),
(123, 144, 14, '2023-11-02', '2023-11-23', '2023-11-24'),
(124, 94, 4, '2024-04-16', '2024-05-07', NULL),
(125, 117, 22, '2023-07-28', '2023-08-18', '2023-09-05'),
(126, 122, 46, '2023-11-04', '2023-11-25', '2023-12-03'),
(127, 30, 7, '2024-02-17', '2024-03-09', '2024-02-18'),
(128, 88, 23, '2024-04-29', '2024-05-20', '2024-05-18'),
(129, 141, 34, '2023-01-18', '2023-02-08', '2023-01-21'),
(130, 43, 32, '2022-05-24', '2022-06-14', '2022-06-20'),
(131, 28, 17, '2023-09-18', '2023-10-09', NULL),
(132, 31, 26, '2022-08-09', '2022-08-30', '2022-08-22'),
(133, 184, 22, '2022-04-21', '2022-05-12', '2022-04-24'),
(134, 163, 44, '2023-08-26', '2023-09-16', NULL),
(135, 116, 30, '2023-11-06', '2023-11-27', '2023-12-09'),
(136, 35, 32, '2022-01-05', '2022-01-26', '2022-01-09'),
(137, 142, 28, '2024-05-08', '2024-05-29', '2024-06-10'),
(138, 200, 12, '2023-12-10', '2023-12-31', '2023-12-19'),
(139, 27, 25, '2023-11-05', '2023-11-26', '2023-11-26'),
(140, 130, 25, '2023-03-05', '2023-03-26', '2023-03-21'),
(141, 71, 26, '2022-12-18', '2023-01-08', '2023-01-16'),
(142, 35, 9, '2023-02-27', '2023-03-20', '2023-04-01'),
(143, 77, 45, '2023-07-15', '2023-08-05', '2023-08-20'),
(144, 162, 14, '2022-07-25', '2022-08-15', NULL),
(145, 183, 19, '2023-12-05', '2023-12-26', '2023-12-14'),
(146, 182, 42, '2022-07-02', '2022-07-23', '2022-07-23'),
(147, 182, 8, '2024-02-19', '2024-03-11', '2024-03-21'),
(148, 150, 37, '2023-11-15', '2023-12-06', '2023-12-20'),
(149, 74, 28, '2024-04-07', '2024-04-28', NULL),
(150, 28, 2, '2023-01-26', '2023-02-16', NULL);
/*!40000 ALTER TABLE `loans` ENABLE KEYS */;
UNLOCK TABLES;

-- ------------------------------------------------------------
-- FINES
-- RESTRICT on delete if fine is unpaid (enforced in application layer)
-- ------------------------------------------------------------
DROP TABLE IF EXISTS `fines`;
/*!40101 SET @saved_cs_client     = @@character_set_client */;
/*!50503 SET character_set_client = utf8mb4 */;
CREATE TABLE fines (
    id          INT AUTO_INCREMENT PRIMARY KEY,
    loan_id     INT            NOT NULL,
    amount      DECIMAL(10,2)  NOT NULL,
    issued_date DATE           NOT NULL DEFAULT (CURDATE()),
    paid_date   DATE,
    status      VARCHAR(50)    NOT NULL DEFAULT 'pending',
    CONSTRAINT fk_fines_loan
        FOREIGN KEY (loan_id) REFERENCES loans(id)
        ON DELETE RESTRICT
) ENGINE=InnoDB DEFAULT CHARSET=utf8mb4;
/*!40101 SET character_set_client = @saved_cs_client */;

-- FINES
LOCK TABLES `fines` WRITE;
/*!40000 ALTER TABLE `fines` DISABLE KEYS */;
INSERT INTO fines (id, loan_id, amount, issued_date, paid_date, status) VALUES
(1, 4, 30.0, '2023-09-16', '2023-10-11', 'paid'),
(2, 9, 50.0, '2023-06-04', '2023-06-06', 'paid'),
(3, 10, 95.0, '2022-11-01', '2022-11-26', 'paid'),
(4, 11, 25.0, '2024-01-03', '2024-01-18', 'paid'),
(5, 12, 3395.0, '2022-09-23', NULL, 'pending'),
(6, 17, 30.0, '2022-08-03', '2022-08-29', 'paid'),
(7, 19, 560.0, '2024-04-12', NULL, 'pending'),
(8, 20, 65.0, '2023-06-25', '2023-07-09', 'paid'),
(9, 23, 1005.0, '2024-01-14', NULL, 'pending'),
(10, 25, 90.0, '2022-09-27', '2022-10-17', 'paid'),
(11, 30, 60.0, '2022-10-25', '2022-11-15', 'paid'),
(12, 34, 1320.0, '2023-11-12', NULL, 'pending'),
(13, 35, 2260.0, '2023-05-08', NULL, 'pending'),
(14, 38, 90.0, '2023-08-20', '2023-09-11', 'paid'),
(15, 39, 1110.0, '2023-12-24', NULL, 'pending'),
(16, 47, 50.0, '2022-09-07', '2022-09-16', 'paid'),
(17, 49, 3685.0, '2022-07-27', '2022-08-15', 'paid'),
(18, 51, 5.0, '2022-07-29', '2022-08-28', 'paid'),
(19, 53, 2710.0, '2023-02-07', '2023-02-18', 'paid'),
(20, 54, 255.0, '2024-06-12', NULL, 'pending'),
(21, 55, 95.0, '2023-09-12', NULL, 'pending'),
(22, 56, 20.0, '2022-08-10', NULL, 'pending'),
(23, 57, 2495.0, '2023-03-22', '2023-04-14', 'paid'),
(24, 58, 80.0, '2022-08-16', '2022-08-22', 'paid'),
(25, 61, 4315.0, '2022-03-23', NULL, 'pending'),
(26, 62, 80.0, '2024-03-12', NULL, 'pending'),
(27, 64, 25.0, '2023-04-12', '2023-05-11', 'paid'),
(28, 65, 2650.0, '2023-02-19', '2023-03-03', 'paid'),
(29, 69, 3015.0, '2022-12-08', NULL, 'pending'),
(30, 71, 65.0, '2022-11-16', '2022-12-04', 'paid'),
(31, 77, 95.0, '2022-10-11', NULL, 'pending'),
(32, 79, 20.0, '2022-05-21', NULL, 'pending'),
(33, 83, 1025.0, '2024-01-10', NULL, 'pending'),
(34, 87, 2515.0, '2023-03-18', '2023-04-17', 'paid'),
(35, 89, 4600.0, '2022-01-25', '2022-02-18', 'paid'),
(36, 90, 55.0, '2024-05-27', NULL, 'pending'),
(37, 94, 250.0, '2024-06-13', NULL, 'pending'),
(38, 100, 30.0, '2024-06-12', '2024-07-11', 'paid'),
(39, 101, 4035.0, '2022-05-18', '2022-05-21', 'paid'),
(40, 103, 40.0, '2023-06-01', NULL, 'pending'),
(41, 104, 95.0, '2023-02-15', '2023-02-18', 'paid'),
(42, 106, 40.0, '2022-05-18', NULL, 'pending'),
(43, 108, 80.0, '2023-07-14', NULL, 'pending'),
(44, 111, 890.0, '2024-02-06', NULL, 'pending'),
(45, 116, 75.0, '2022-03-15', NULL, 'pending'),
(46, 119, 2995.0, '2022-12-12', NULL, 'pending'),
(47, 120, 1265.0, '2023-11-23', NULL, 'pending'),
(48, 122, 60.0, '2023-10-18', '2023-10-24', 'paid'),
(49, 124, 430.0, '2024-05-08', NULL, 'pending'),
(50, 125, 90.0, '2023-08-19', '2023-09-01', 'paid'),
(51, 126, 40.0, '2023-11-26', '2023-12-07', 'paid'),
(52, 130, 30.0, '2022-06-15', NULL, 'pending'),
(53, 131, 1485.0, '2023-10-10', NULL, 'pending'),
(54, 134, 1600.0, '2023-09-17', NULL, 'pending'),
(55, 135, 60.0, '2023-11-28', NULL, 'pending'),
(56, 137, 60.0, '2024-05-30', NULL, 'pending'),
(57, 141, 40.0, '2023-01-09', NULL, 'pending'),
(58, 142, 60.0, '2023-03-21', '2023-04-15', 'paid'),
(59, 144, 3585.0, '2022-08-16', NULL, 'pending'),
(60, 147, 50.0, '2024-03-12', '2024-03-20', 'paid'),
(61, 148, 70.0, '2023-12-07', '2024-01-02', 'paid'),
(62, 150, 2660.0, '2023-02-17', NULL, 'pending');
/*!40000 ALTER TABLE `fines` ENABLE KEYS */;
UNLOCK TABLES;

-- ------------------------------------------------------------
-- NOTIFICATIONS
-- ------------------------------------------------------------
DROP TABLE IF EXISTS `notifications`;
/*!40101 SET @saved_cs_client     = @@character_set_client */;
/*!50503 SET character_set_client = utf8mb4 */;
CREATE TABLE notifications (
    id          INT AUTO_INCREMENT PRIMARY KEY,
    member_id   INT,
    loan_id     INT,
    type        VARCHAR(100) NOT NULL,
    message     TEXT         NOT NULL,
    sent_date   DATE         NOT NULL DEFAULT (CURDATE()),
    is_read     BOOLEAN      NOT NULL DEFAULT FALSE,
    CONSTRAINT fk_notif_member
        FOREIGN KEY (member_id) REFERENCES members(id)
        ON DELETE SET NULL,
    CONSTRAINT fk_notif_loan
        FOREIGN KEY (loan_id) REFERENCES loans(id)
        ON DELETE SET NULL
) ENGINE=InnoDB DEFAULT CHARSET=utf8mb4;
/*!40101 SET character_set_client = @saved_cs_client */;

-- NOTIFICATIONS
LOCK TABLES `notifications` WRITE;
/*!40000 ALTER TABLE `notifications` DISABLE KEYS */;
INSERT INTO notifications (id, member_id, loan_id, type, message, sent_date, is_read) VALUES
(1, 27, 5, 'loan_reminder', 'This is a reminder that your loan is due in 3 days. Please return or renew on time.', '2022-06-21', 0),
(2, 38, 6, 'loan_reminder', 'This is a reminder that your loan is due in 3 days. Please return or renew on time.', '2024-03-05', 0),
(3, 37, 7, 'overdue_warning', 'Your loan is overdue. Please return the book as soon as possible to avoid additional fines.', '2024-03-31', 1),
(4, 42, 9, 'overdue_warning', 'Your loan is overdue. Please return the book as soon as possible to avoid additional fines.', '2023-06-04', 1),
(5, 44, 11, 'overdue_warning', 'Your loan is overdue. Please return the book as soon as possible to avoid additional fines.', '2024-01-03', 0),
(6, 18, 13, 'overdue_warning', 'Your loan is overdue. Please return the book as soon as possible to avoid additional fines.', '2023-02-08', 0),
(7, 21, 16, 'overdue_warning', 'Your loan is overdue. Please return the book as soon as possible to avoid additional fines.', '2022-10-25', 1),
(8, 6, 17, 'overdue_warning', 'Your loan is overdue. Please return the book as soon as possible to avoid additional fines.', '2022-08-03', 0),
(9, 32, 18, 'overdue_warning', 'Your loan is overdue. Please return the book as soon as possible to avoid additional fines.', '2024-03-10', 1),
(10, 33, 19, 'overdue_warning', 'Your loan is overdue. Please return the book as soon as possible to avoid additional fines.', '2024-04-12', 0),
(11, 33, 19, 'loan_reminder', 'This is a reminder that your loan is due in 3 days. Please return or renew on time.', '2024-04-08', 0),
(12, 2, 21, 'overdue_warning', 'Your loan is overdue. Please return the book as soon as possible to avoid additional fines.', '2022-07-19', 1),
(13, 4, 22, 'overdue_warning', 'Your loan is overdue. Please return the book as soon as possible to avoid additional fines.', '2022-10-05', 1),
(14, 2, 25, 'overdue_warning', 'Your loan is overdue. Please return the book as soon as possible to avoid additional fines.', '2022-09-27', 1),
(15, 12, 26, 'overdue_warning', 'Your loan is overdue. Please return the book as soon as possible to avoid additional fines.', '2023-05-23', 1),
(16, 2, 28, 'overdue_warning', 'Your loan is overdue. Please return the book as soon as possible to avoid additional fines.', '2023-02-22', 1),
(17, 50, 29, 'loan_reminder', 'This is a reminder that your loan is due in 3 days. Please return or renew on time.', '2022-08-26', 0),
(18, 50, 31, 'overdue_warning', 'Your loan is overdue. Please return the book as soon as possible to avoid additional fines.', '2024-03-18', 0),
(19, 17, 33, 'loan_reminder', 'This is a reminder that your loan is due in 3 days. Please return or renew on time.', '2023-10-03', 0),
(20, 23, 35, 'overdue_warning', 'Your loan is overdue. Please return the book as soon as possible to avoid additional fines.', '2023-05-08', 1),
(21, 20, 36, 'overdue_warning', 'Your loan is overdue. Please return the book as soon as possible to avoid additional fines.', '2023-12-17', 0),
(22, 38, 37, 'overdue_warning', 'Your loan is overdue. Please return the book as soon as possible to avoid additional fines.', '2022-05-07', 1),
(23, 24, 38, 'overdue_warning', 'Your loan is overdue. Please return the book as soon as possible to avoid additional fines.', '2023-08-20', 1),
(24, 20, 39, 'overdue_warning', 'Your loan is overdue. Please return the book as soon as possible to avoid additional fines.', '2023-12-24', 1),
(25, 20, 39, 'loan_reminder', 'This is a reminder that your loan is due in 3 days. Please return or renew on time.', '2023-12-20', 0),
(26, 46, 46, 'overdue_warning', 'Your loan is overdue. Please return the book as soon as possible to avoid additional fines.', '2023-08-31', 0),
(27, 46, 47, 'overdue_warning', 'Your loan is overdue. Please return the book as soon as possible to avoid additional fines.', '2022-09-07', 0),
(28, 36, 49, 'overdue_warning', 'Your loan is overdue. Please return the book as soon as possible to avoid additional fines.', '2022-07-27', 0),
(29, 9, 50, 'overdue_warning', 'Your loan is overdue. Please return the book as soon as possible to avoid additional fines.', '2024-02-20', 1),
(30, 49, 51, 'overdue_warning', 'Your loan is overdue. Please return the book as soon as possible to avoid additional fines.', '2022-07-29', 0),
(31, 22, 53, 'overdue_warning', 'Your loan is overdue. Please return the book as soon as possible to avoid additional fines.', '2023-02-07', 1),
(32, 30, 54, 'overdue_warning', 'Your loan is overdue. Please return the book as soon as possible to avoid additional fines.', '2024-06-12', 1),
(33, 30, 54, 'loan_reminder', 'This is a reminder that your loan is due in 3 days. Please return or renew on time.', '2024-06-08', 1),
(34, 31, 56, 'overdue_warning', 'Your loan is overdue. Please return the book as soon as possible to avoid additional fines.', '2022-08-10', 0),
(35, 20, 57, 'overdue_warning', 'Your loan is overdue. Please return the book as soon as possible to avoid additional fines.', '2023-03-22', 0),
(36, 9, 58, 'overdue_warning', 'Your loan is overdue. Please return the book as soon as possible to avoid additional fines.', '2022-08-16', 0),
(37, 41, 61, 'overdue_warning', 'Your loan is overdue. Please return the book as soon as possible to avoid additional fines.', '2022-03-23', 1),
(38, 14, 62, 'overdue_warning', 'Your loan is overdue. Please return the book as soon as possible to avoid additional fines.', '2024-03-12', 0),
(39, 40, 64, 'overdue_warning', 'Your loan is overdue. Please return the book as soon as possible to avoid additional fines.', '2023-04-12', 1),
(40, 31, 65, 'overdue_warning', 'Your loan is overdue. Please return the book as soon as possible to avoid additional fines.', '2023-02-19', 1),
(41, 23, 69, 'overdue_warning', 'Your loan is overdue. Please return the book as soon as possible to avoid additional fines.', '2022-12-08', 0),
(42, 20, 71, 'overdue_warning', 'Your loan is overdue. Please return the book as soon as possible to avoid additional fines.', '2022-11-16', 0),
(43, 2, 74, 'overdue_warning', 'Your loan is overdue. Please return the book as soon as possible to avoid additional fines.', '2022-09-13', 0),
(44, 2, 74, 'loan_reminder', 'This is a reminder that your loan is due in 3 days. Please return or renew on time.', '2022-09-09', 0),
(45, 14, 75, 'loan_reminder', 'This is a reminder that your loan is due in 3 days. Please return or renew on time.', '2024-02-09', 0),
(46, 41, 77, 'overdue_warning', 'Your loan is overdue. Please return the book as soon as possible to avoid additional fines.', '2022-10-11', 1),
(47, 45, 79, 'overdue_warning', 'Your loan is overdue. Please return the book as soon as possible to avoid additional fines.', '2022-05-21', 1),
(48, 39, 83, 'overdue_warning', 'Your loan is overdue. Please return the book as soon as possible to avoid additional fines.', '2024-01-10', 0),
(49, 7, 85, 'overdue_warning', 'Your loan is overdue. Please return the book as soon as possible to avoid additional fines.', '2023-06-16', 0),
(50, 46, 87, 'overdue_warning', 'Your loan is overdue. Please return the book as soon as possible to avoid additional fines.', '2023-03-18', 1),
(51, 36, 88, 'overdue_warning', 'Your loan is overdue. Please return the book as soon as possible to avoid additional fines.', '2023-06-15', 0),
(52, 16, 89, 'overdue_warning', 'Your loan is overdue. Please return the book as soon as possible to avoid additional fines.', '2022-01-25', 0),
(53, 16, 89, 'loan_reminder', 'This is a reminder that your loan is due in 3 days. Please return or renew on time.', '2022-01-21', 1),
(54, 30, 93, 'overdue_warning', 'Your loan is overdue. Please return the book as soon as possible to avoid additional fines.', '2022-03-15', 0),
(55, 30, 93, 'loan_reminder', 'This is a reminder that your loan is due in 3 days. Please return or renew on time.', '2022-03-11', 0),
(56, 21, 95, 'loan_reminder', 'This is a reminder that your loan is due in 3 days. Please return or renew on time.', '2023-03-31', 1),
(57, 6, 98, 'loan_reminder', 'This is a reminder that your loan is due in 3 days. Please return or renew on time.', '2023-02-04', 1),
(58, 11, 101, 'overdue_warning', 'Your loan is overdue. Please return the book as soon as possible to avoid additional fines.', '2022-05-18', 0),
(59, 4, 102, 'overdue_warning', 'Your loan is overdue. Please return the book as soon as possible to avoid additional fines.', '2024-06-05', 0),
(60, 38, 103, 'overdue_warning', 'Your loan is overdue. Please return the book as soon as possible to avoid additional fines.', '2023-06-01', 1),
(61, 40, 104, 'overdue_warning', 'Your loan is overdue. Please return the book as soon as possible to avoid additional fines.', '2023-02-15', 0),
(62, 44, 105, 'loan_reminder', 'This is a reminder that your loan is due in 3 days. Please return or renew on time.', '2024-05-26', 0),
(63, 32, 106, 'overdue_warning', 'Your loan is overdue. Please return the book as soon as possible to avoid additional fines.', '2022-05-18', 0),
(64, 44, 108, 'overdue_warning', 'Your loan is overdue. Please return the book as soon as possible to avoid additional fines.', '2023-07-14', 0),
(65, 37, 109, 'overdue_warning', 'Your loan is overdue. Please return the book as soon as possible to avoid additional fines.', '2022-09-09', 1),
(66, 43, 111, 'overdue_warning', 'Your loan is overdue. Please return the book as soon as possible to avoid additional fines.', '2024-02-06', 1),
(67, 40, 113, 'overdue_warning', 'Your loan is overdue. Please return the book as soon as possible to avoid additional fines.', '2022-03-19', 1),
(68, 33, 114, 'overdue_warning', 'Your loan is overdue. Please return the book as soon as possible to avoid additional fines.', '2024-06-10', 1),
(69, 18, 116, 'overdue_warning', 'Your loan is overdue. Please return the book as soon as possible to avoid additional fines.', '2022-03-15', 1),
(70, 29, 119, 'overdue_warning', 'Your loan is overdue. Please return the book as soon as possible to avoid additional fines.', '2022-12-12', 1),
(71, 48, 120, 'loan_reminder', 'This is a reminder that your loan is due in 3 days. Please return or renew on time.', '2023-11-19', 1),
(72, 14, 123, 'overdue_warning', 'Your loan is overdue. Please return the book as soon as possible to avoid additional fines.', '2023-11-24', 0),
(73, 4, 124, 'loan_reminder', 'This is a reminder that your loan is due in 3 days. Please return or renew on time.', '2024-05-04', 0),
(74, 46, 126, 'overdue_warning', 'Your loan is overdue. Please return the book as soon as possible to avoid additional fines.', '2023-11-26', 0),
(75, 46, 126, 'loan_reminder', 'This is a reminder that your loan is due in 3 days. Please return or renew on time.', '2023-11-22', 0),
(76, 17, 131, 'overdue_warning', 'Your loan is overdue. Please return the book as soon as possible to avoid additional fines.', '2023-10-10', 1),
(77, 30, 135, 'overdue_warning', 'Your loan is overdue. Please return the book as soon as possible to avoid additional fines.', '2023-11-28', 0),
(78, 28, 137, 'overdue_warning', 'Your loan is overdue. Please return the book as soon as possible to avoid additional fines.', '2024-05-30', 0),
(79, 28, 137, 'loan_reminder', 'This is a reminder that your loan is due in 3 days. Please return or renew on time.', '2024-05-26', 0),
(80, 26, 141, 'overdue_warning', 'Your loan is overdue. Please return the book as soon as possible to avoid additional fines.', '2023-01-09', 0),
(81, 26, 141, 'loan_reminder', 'This is a reminder that your loan is due in 3 days. Please return or renew on time.', '2023-01-05', 1),
(82, 9, 142, 'overdue_warning', 'Your loan is overdue. Please return the book as soon as possible to avoid additional fines.', '2023-03-21', 1),
(83, 45, 143, 'overdue_warning', 'Your loan is overdue. Please return the book as soon as possible to avoid additional fines.', '2023-08-06', 0),
(84, 14, 144, 'overdue_warning', 'Your loan is overdue. Please return the book as soon as possible to avoid additional fines.', '2022-08-16', 0),
(85, 8, 147, 'overdue_warning', 'Your loan is overdue. Please return the book as soon as possible to avoid additional fines.', '2024-03-12', 1),
(86, 2, 150, 'overdue_warning', 'Your loan is overdue. Please return the book as soon as possible to avoid additional fines.', '2023-02-17', 0),
(87, 6, NULL, 'account_suspended', 'Your account has been suspended due to unpaid fines. Please settle your balance to regain access.', '2023-04-20', 0),
(88, 9, NULL, 'account_suspended', 'Your account has been suspended due to unpaid fines. Please settle your balance to regain access.', '2023-12-15', 0),
(89, 44, NULL, 'account_suspended', 'Your account has been suspended due to unpaid fines. Please settle your balance to regain access.', '2024-03-29', 1);
/*!40000 ALTER TABLE `notifications` ENABLE KEYS */;
UNLOCK TABLES;

-- ------------------------------------------------------------
-- REVIEWS
-- ------------------------------------------------------------
DROP TABLE IF EXISTS `reviews`;
/*!40101 SET @saved_cs_client     = @@character_set_client */;
/*!50503 SET character_set_client = utf8mb4 */;
CREATE TABLE reviews (
    id          INT AUTO_INCREMENT PRIMARY KEY,
    book_id     INT NOT NULL,
    member_id   INT,
    rating      INT NOT NULL CHECK (rating BETWEEN 1 AND 5),
    comment     TEXT,
    review_date DATE NOT NULL DEFAULT (CURDATE()),
    CONSTRAINT fk_reviews_book
        FOREIGN KEY (book_id) REFERENCES books(id)
        ON DELETE CASCADE,
    CONSTRAINT fk_reviews_member
        FOREIGN KEY (member_id) REFERENCES members(id)
        ON DELETE SET NULL
) ENGINE=InnoDB DEFAULT CHARSET=utf8mb4;
/*!40101 SET character_set_client = @saved_cs_client */;

-- REVIEWS
LOCK TABLES `reviews` WRITE;
/*!40000 ALTER TABLE `reviews` DISABLE KEYS */;
INSERT INTO reviews (id, book_id, member_id, rating, comment, review_date) VALUES
(1, 1, 31, 3, 'Thought-provoking and emotionally resonant.', '2023-04-15'),
(2, 1, 50, 4, 'Could not sleep after finishing this. In a good way.', '2023-08-24'),
(3, 1, 16, 5, 'Slow start but builds into something truly special.', '2022-04-30'),
(4, 1, 49, 3, 'A masterpiece. Will be recommending this to everyone.', '2023-10-11'),
(5, 2, 15, 5, 'Disappointing. The story never found its footing.', '2023-07-03'),
(6, 2, 44, 1, 'Good but not great. Forgettable in the long run.', '2022-09-27'),
(7, 2, 45, 3, 'A solid read but the ending felt rushed.', '2023-02-13'),
(8, 2, 50, 4, 'Good but not great. Forgettable in the long run.', '2022-12-17'),
(9, 2, 21, 2, 'Could not sleep after finishing this. In a good way.', '2022-07-02'),
(10, 2, 27, 4, 'Not quite what I expected but enjoyable nonetheless.', '2022-08-12'),
(11, 3, 18, 5, 'Interesting premise but the characters felt flat.', '2023-05-26'),
(12, 3, 12, 5, 'Interesting premise but the characters felt flat.', '2024-01-24'),
(13, 3, 48, 3, 'Beautifully written with memorable moments throughout.', '2022-07-31'),
(14, 3, 44, 3, 'Good but not great. Forgettable in the long run.', '2022-09-13'),
(15, 4, 40, 4, 'The writing style took some getting used to but worth it.', '2023-05-20'),
(16, 4, 23, 4, 'Thought-provoking and emotionally resonant.', '2024-05-27'),
(17, 4, 10, 4, 'Absolutely loved this book, could not put it down.', '2024-05-18'),
(18, 4, 7, 4, 'Gripping from the first page to the last.', '2022-11-19'),
(19, 4, 8, 4, 'Could not sleep after finishing this. In a good way.', '2023-08-12'),
(20, 4, 6, 5, 'Slow start but builds into something truly special.', '2022-07-07'),
(21, 5, 33, 2, 'Thought-provoking and emotionally resonant.', '2023-03-10'),
(22, 5, 18, 4, 'Disappointing. The story never found its footing.', '2022-02-03'),
(23, 5, 26, 4, 'A masterpiece. Will be recommending this to everyone.', '2024-05-31'),
(24, 5, 15, 4, 'One of the best books I have read in years.', '2023-04-14'),
(25, 5, 37, 5, 'A perfect book for a rainy afternoon.', '2023-06-15'),
(26, 5, 9, 4, 'A perfect book for a rainy afternoon.', '2022-01-09'),
(27, 7, 14, 4, 'Good but not great. Forgettable in the long run.', '2022-09-23'),
(28, 7, 25, 3, 'Beautifully written with memorable moments throughout.', '2022-08-31'),
(29, 7, 38, 3, 'Gripping from the first page to the last.', '2022-12-18'),
(30, 7, 7, 4, 'Slow start but builds into something truly special.', '2023-03-11'),
(31, 7, 21, 3, 'A perfect book for a rainy afternoon.', '2024-02-10'),
(32, 8, 24, 3, 'One of the best books I have read in years.', '2023-08-09'),
(33, 8, 26, 2, 'Gripping from the first page to the last.', '2023-12-04'),
(34, 9, 7, 5, 'Thought-provoking and emotionally resonant.', '2022-08-30'),
(35, 10, 28, 5, 'A perfect book for a rainy afternoon.', '2022-06-03'),
(36, 10, 25, 4, 'Absolutely loved this book, could not put it down.', '2022-06-30'),
(37, 10, 13, 4, 'One of the best books I have read in years.', '2024-05-19'),
(38, 10, 10, 4, 'Disappointing. The story never found its footing.', '2024-01-08'),
(39, 11, 32, 3, 'Good but not great. Forgettable in the long run.', '2023-08-05'),
(40, 11, 20, 1, 'A solid read but the ending felt rushed.', '2023-12-09'),
(41, 12, 4, 3, 'Beautifully written with memorable moments throughout.', '2023-05-03'),
(42, 13, 41, 4, 'Disappointing. The story never found its footing.', '2024-04-09'),
(43, 13, 7, 3, 'Absolutely loved this book, could not put it down.', '2023-02-26'),
(44, 13, 29, 2, 'Good but not great. Forgettable in the long run.', '2023-11-27'),
(45, 13, 22, 5, 'Interesting premise but the characters felt flat.', '2023-08-14'),
(46, 13, 17, 4, 'The writing style took some getting used to but worth it.', '2023-07-06'),
(47, 13, 24, 3, 'Thought-provoking and emotionally resonant.', '2022-10-19'),
(48, 14, 21, 4, 'Thought-provoking and emotionally resonant.', '2024-01-25'),
(49, 14, 44, 4, 'A solid read but the ending felt rushed.', '2023-01-26'),
(50, 15, 19, 5, 'The writing style took some getting used to but worth it.', '2024-04-07'),
(51, 15, 30, 5, 'A masterpiece. Will be recommending this to everyone.', '2023-10-09'),
(52, 15, 41, 4, 'A masterpiece. Will be recommending this to everyone.', '2024-05-19'),
(53, 15, 10, 5, 'A solid read but the ending felt rushed.', '2022-06-15'),
(54, 16, 15, 3, 'Beautifully written with memorable moments throughout.', '2023-12-29'),
(55, 16, 21, 3, 'The writing style took some getting used to but worth it.', '2023-02-09'),
(56, 17, 29, 5, 'Not quite what I expected but enjoyable nonetheless.', '2024-02-05'),
(57, 17, 50, 4, 'Slow start but builds into something truly special.', '2023-02-28'),
(58, 18, 12, 5, 'One of the best books I have read in years.', '2024-01-16'),
(59, 19, 43, 3, 'A perfect book for a rainy afternoon.', '2023-12-19'),
(60, 20, 6, 2, 'Could not sleep after finishing this. In a good way.', '2023-04-30'),
(61, 20, 14, 4, 'Absolutely loved this book, could not put it down.', '2024-02-29'),
(62, 20, 11, 4, 'Thought-provoking and emotionally resonant.', '2022-03-27'),
(63, 20, 26, 2, 'Gripping from the first page to the last.', '2022-06-09'),
(64, 20, 7, 2, 'Could not sleep after finishing this. In a good way.', '2023-02-04'),
(65, 21, 15, 5, 'Slow start but builds into something truly special.', '2023-10-04'),
(66, 21, 16, 2, 'Disappointing. The story never found its footing.', '2024-05-08'),
(67, 22, 2, 1, 'Not quite what I expected but enjoyable nonetheless.', '2024-05-31'),
(68, 23, 31, 5, 'Disappointing. The story never found its footing.', '2022-10-06'),
(69, 23, 30, 4, 'One of the best books I have read in years.', '2023-12-16'),
(70, 24, 12, 4, 'The writing style took some getting used to but worth it.', '2023-08-01'),
(71, 24, 38, 4, 'The writing style took some getting used to but worth it.', '2023-10-17'),
(72, 24, 39, 4, 'Could not sleep after finishing this. In a good way.', '2022-12-22'),
(73, 24, 30, 4, 'Interesting premise but the characters felt flat.', '2024-04-04'),
(74, 26, 20, 3, 'Beautifully written with memorable moments throughout.', '2022-01-11'),
(75, 26, 24, 1, 'Good but not great. Forgettable in the long run.', '2024-02-16'),
(76, 26, 27, 5, 'Not quite what I expected but enjoyable nonetheless.', '2022-10-21'),
(77, 27, 35, 5, 'Thought-provoking and emotionally resonant.', '2023-05-04'),
(78, 27, 1, 3, 'Thought-provoking and emotionally resonant.', '2023-03-17'),
(79, 27, 45, 5, 'Gripping from the first page to the last.', '2022-08-25'),
(80, 28, 1, 4, 'Interesting premise but the characters felt flat.', '2022-06-17'),
(81, 28, 36, 5, 'The writing style took some getting used to but worth it.', '2023-02-04'),
(82, 28, 24, 5, 'Interesting premise but the characters felt flat.', '2022-09-27'),
(83, 28, 13, 2, 'The writing style took some getting used to but worth it.', '2022-09-03'),
(84, 28, 27, 4, 'Thought-provoking and emotionally resonant.', '2023-09-20'),
(85, 28, 49, 5, 'The writing style took some getting used to but worth it.', '2022-10-06'),
(86, 29, 42, 4, 'Beautifully written with memorable moments throughout.', '2023-02-27'),
(87, 29, 48, 3, 'A solid read but the ending felt rushed.', '2022-07-06'),
(88, 30, 19, 2, 'Slow start but builds into something truly special.', '2023-09-25'),
(89, 31, 18, 4, 'Not quite what I expected but enjoyable nonetheless.', '2022-01-20'),
(90, 31, 45, 3, 'Disappointing. The story never found its footing.', '2022-01-23'),
(91, 31, 40, 3, 'A solid read but the ending felt rushed.', '2022-10-16'),
(92, 32, 9, 4, 'Absolutely loved this book, could not put it down.', '2022-08-27'),
(93, 32, 46, 2, 'Absolutely loved this book, could not put it down.', '2023-05-21'),
(94, 33, 22, 4, 'Thought-provoking and emotionally resonant.', '2024-03-29'),
(95, 34, 24, 5, 'Not quite what I expected but enjoyable nonetheless.', '2022-03-24'),
(96, 34, 30, 5, 'One of the best books I have read in years.', '2022-02-27'),
(97, 34, 45, 3, 'A masterpiece. Will be recommending this to everyone.', '2022-03-15'),
(98, 35, 31, 5, 'Good but not great. Forgettable in the long run.', '2022-01-13'),
(99, 35, 12, 2, 'Thought-provoking and emotionally resonant.', '2024-01-02'),
(100, 35, 13, 3, 'Thought-provoking and emotionally resonant.', '2023-03-30'),
(101, 35, 17, 3, 'Absolutely loved this book, could not put it down.', '2022-07-23'),
(102, 36, 48, 4, 'Interesting premise but the characters felt flat.', '2023-04-30'),
(103, 36, 50, 4, 'Beautifully written with memorable moments throughout.', '2022-11-27'),
(104, 36, 7, 3, 'A perfect book for a rainy afternoon.', '2022-02-13'),
(105, 37, 36, 4, 'Interesting premise but the characters felt flat.', '2023-01-05'),
(106, 37, 34, 5, 'Good but not great. Forgettable in the long run.', '2023-11-14'),
(107, 37, 8, 3, 'A solid read but the ending felt rushed.', '2022-08-30'),
(108, 37, 17, 4, 'Not quite what I expected but enjoyable nonetheless.', '2022-01-16'),
(109, 37, 31, 3, 'Beautifully written with memorable moments throughout.', '2023-08-22'),
(110, 39, 16, 4, 'A perfect book for a rainy afternoon.', '2023-05-02'),
(111, 39, 1, 4, 'One of the best books I have read in years.', '2023-01-16'),
(112, 39, 3, 5, 'Interesting premise but the characters felt flat.', '2022-06-11'),
(113, 40, 6, 3, 'Thought-provoking and emotionally resonant.', '2023-10-03'),
(114, 40, 44, 2, 'Not quite what I expected but enjoyable nonetheless.', '2023-10-23'),
(115, 40, 40, 3, 'Disappointing. The story never found its footing.', '2024-03-21'),
(116, 42, 32, 3, 'Disappointing. The story never found its footing.', '2024-03-18'),
(117, 43, 49, 1, 'A masterpiece. Will be recommending this to everyone.', '2023-01-02'),
(118, 43, 23, 5, 'Beautifully written with memorable moments throughout.', '2022-02-10'),
(119, 43, 29, 4, 'Slow start but builds into something truly special.', '2023-07-27'),
(120, 43, 47, 3, 'A perfect book for a rainy afternoon.', '2023-05-17'),
(121, 43, 13, 3, 'One of the best books I have read in years.', '2023-07-11'),
(122, 44, 21, 4, 'Good but not great. Forgettable in the long run.', '2024-05-01'),
(123, 44, 47, 4, 'Good but not great. Forgettable in the long run.', '2023-07-22'),
(124, 45, 5, 4, 'Slow start but builds into something truly special.', '2022-10-30'),
(125, 46, 17, 4, 'A perfect book for a rainy afternoon.', '2022-07-09'),
(126, 46, 35, 5, 'Gripping from the first page to the last.', '2024-05-27'),
(127, 46, 24, 4, 'Gripping from the first page to the last.', '2022-09-02'),
(128, 46, 30, 3, 'A solid read but the ending felt rushed.', '2023-11-06'),
(129, 46, 1, 5, 'Good but not great. Forgettable in the long run.', '2023-02-01'),
(130, 46, 41, 3, 'The writing style took some getting used to but worth it.', '2023-05-25'),
(131, 47, 36, 4, 'A solid read but the ending felt rushed.', '2022-04-09'),
(132, 47, 10, 4, 'A solid read but the ending felt rushed.', '2022-02-14'),
(133, 47, 40, 5, 'One of the best books I have read in years.', '2022-07-02'),
(134, 47, 19, 5, 'Interesting premise but the characters felt flat.', '2022-04-20'),
(135, 47, 21, 4, 'A solid read but the ending felt rushed.', '2022-02-02'),
(136, 47, 27, 4, 'Good but not great. Forgettable in the long run.', '2023-02-02'),
(137, 48, 32, 3, 'Not quite what I expected but enjoyable nonetheless.', '2022-08-15'),
(138, 48, 34, 4, 'A solid read but the ending felt rushed.', '2022-01-14'),
(139, 48, 40, 5, 'Interesting premise but the characters felt flat.', '2023-11-03'),
(140, 48, 45, 4, 'Could not sleep after finishing this. In a good way.', '2024-05-02'),
(141, 48, 38, 2, 'Thought-provoking and emotionally resonant.', '2023-10-17'),
(142, 50, 36, 5, 'A masterpiece. Will be recommending this to everyone.', '2024-04-21'),
(143, 50, 48, 4, 'A perfect book for a rainy afternoon.', '2022-03-01'),
(144, 51, 40, 2, 'Interesting premise but the characters felt flat.', '2023-06-16'),
(145, 51, 18, 2, 'A perfect book for a rainy afternoon.', '2022-08-25'),
(146, 51, 34, 4, 'Interesting premise but the characters felt flat.', '2022-07-17'),
(147, 51, 3, 4, 'Interesting premise but the characters felt flat.', '2023-08-07'),
(148, 51, 5, 4, 'One of the best books I have read in years.', '2023-07-26'),
(149, 51, 20, 5, 'A masterpiece. Will be recommending this to everyone.', '2024-02-04'),
(150, 53, 41, 4, 'Could not sleep after finishing this. In a good way.', '2022-04-17'),
(151, 53, 37, 3, 'One of the best books I have read in years.', '2023-07-18'),
(152, 53, 23, 4, 'Not quite what I expected but enjoyable nonetheless.', '2023-11-05'),
(153, 53, 44, 3, 'Gripping from the first page to the last.', '2023-03-30'),
(154, 53, 30, 5, 'Could not sleep after finishing this. In a good way.', '2022-11-19'),
(155, 53, 45, 4, 'Not quite what I expected but enjoyable nonetheless.', '2024-05-15'),
(156, 54, 27, 4, 'Good but not great. Forgettable in the long run.', '2024-01-14'),
(157, 54, 49, 3, 'Interesting premise but the characters felt flat.', '2023-07-31'),
(158, 55, 14, 5, 'Beautifully written with memorable moments throughout.', '2023-01-04'),
(159, 55, 25, 5, 'Slow start but builds into something truly special.', '2023-02-11'),
(160, 55, 50, 1, 'Absolutely loved this book, could not put it down.', '2022-10-19'),
(161, 55, 36, 4, 'Disappointing. The story never found its footing.', '2022-05-19'),
(162, 56, 1, 5, 'Interesting premise but the characters felt flat.', '2024-05-26'),
(163, 56, 20, 3, 'Thought-provoking and emotionally resonant.', '2024-04-21'),
(164, 57, 18, 2, 'Slow start but builds into something truly special.', '2022-12-31'),
(165, 57, 36, 3, 'Beautifully written with memorable moments throughout.', '2023-01-11'),
(166, 57, 33, 5, 'Interesting premise but the characters felt flat.', '2022-08-27'),
(167, 57, 37, 3, 'Beautifully written with memorable moments throughout.', '2022-04-05'),
(168, 57, 10, 4, 'Gripping from the first page to the last.', '2022-08-11'),
(169, 58, 5, 4, 'Could not sleep after finishing this. In a good way.', '2023-12-08'),
(170, 58, 47, 5, 'Good but not great. Forgettable in the long run.', '2022-04-08'),
(171, 58, 21, 4, 'Beautifully written with memorable moments throughout.', '2022-02-08'),
(172, 58, 31, 5, 'Gripping from the first page to the last.', '2023-01-26'),
(173, 58, 12, 2, 'Absolutely loved this book, could not put it down.', '2024-02-29'),
(174, 59, 23, 4, 'Good but not great. Forgettable in the long run.', '2022-05-04'),
(175, 59, 28, 5, 'Interesting premise but the characters felt flat.', '2024-02-05'),
(176, 60, 39, 2, 'Disappointing. The story never found its footing.', '2022-02-12'),
(177, 60, 1, 3, 'Gripping from the first page to the last.', '2022-06-03'),
(178, 60, 41, 3, 'A perfect book for a rainy afternoon.', '2022-08-15'),
(179, 60, 50, 3, 'The writing style took some getting used to but worth it.', '2024-01-20'),
(180, 60, 25, 5, 'Slow start but builds into something truly special.', '2024-02-10'),
(181, 61, 37, 4, 'Thought-provoking and emotionally resonant.', '2023-02-08'),
(182, 61, 33, 2, 'Not quite what I expected but enjoyable nonetheless.', '2022-03-26'),
(183, 61, 6, 4, 'A perfect book for a rainy afternoon.', '2022-02-20'),
(184, 61, 15, 4, 'Beautifully written with memorable moments throughout.', '2022-03-29'),
(185, 62, 33, 4, 'Thought-provoking and emotionally resonant.', '2022-05-19'),
(186, 62, 28, 4, 'Interesting premise but the characters felt flat.', '2023-05-15'),
(187, 62, 50, 4, 'Gripping from the first page to the last.', '2022-07-20'),
(188, 63, 40, 3, 'Beautifully written with memorable moments throughout.', '2024-03-06'),
(189, 63, 48, 4, 'The writing style took some getting used to but worth it.', '2023-08-13'),
(190, 63, 34, 2, 'The writing style took some getting used to but worth it.', '2023-02-28'),
(191, 63, 16, 4, 'Not quite what I expected but enjoyable nonetheless.', '2022-07-15'),
(192, 64, 23, 4, 'Thought-provoking and emotionally resonant.', '2022-11-09'),
(193, 64, 39, 3, 'Not quite what I expected but enjoyable nonetheless.', '2023-09-24'),
(194, 65, 29, 3, 'Not quite what I expected but enjoyable nonetheless.', '2022-06-09'),
(195, 65, 40, 5, 'Good but not great. Forgettable in the long run.', '2022-03-29'),
(196, 65, 10, 2, 'Absolutely loved this book, could not put it down.', '2022-09-06'),
(197, 65, 50, 5, 'Could not sleep after finishing this. In a good way.', '2022-06-01'),
(198, 65, 3, 5, 'Good but not great. Forgettable in the long run.', '2022-10-22'),
(199, 65, 15, 1, 'A perfect book for a rainy afternoon.', '2024-04-03'),
(200, 67, 29, 1, 'Interesting premise but the characters felt flat.', '2024-01-28'),
(201, 67, 31, 4, 'Interesting premise but the characters felt flat.', '2023-07-14'),
(202, 68, 49, 4, 'One of the best books I have read in years.', '2023-12-13'),
(203, 68, 17, 4, 'Absolutely loved this book, could not put it down.', '2023-01-21'),
(204, 68, 36, 4, 'The writing style took some getting used to but worth it.', '2023-06-24'),
(205, 68, 31, 1, 'One of the best books I have read in years.', '2022-03-03'),
(206, 69, 13, 4, 'Absolutely loved this book, could not put it down.', '2023-04-22'),
(207, 69, 45, 4, 'Absolutely loved this book, could not put it down.', '2022-03-10'),
(208, 70, 43, 5, 'Absolutely loved this book, could not put it down.', '2022-10-27'),
(209, 70, 18, 5, 'The writing style took some getting used to but worth it.', '2023-01-31'),
(210, 70, 24, 3, 'A masterpiece. Will be recommending this to everyone.', '2023-06-05'),
(211, 71, 7, 2, 'Interesting premise but the characters felt flat.', '2023-05-28'),
(212, 71, 21, 5, 'Disappointing. The story never found its footing.', '2023-12-31'),
(213, 71, 32, 1, 'Interesting premise but the characters felt flat.', '2023-06-27'),
(214, 71, 39, 3, 'Slow start but builds into something truly special.', '2023-02-07'),
(215, 71, 35, 5, 'Absolutely loved this book, could not put it down.', '2022-12-22'),
(216, 72, 23, 3, 'Absolutely loved this book, could not put it down.', '2023-10-03'),
(217, 72, 41, 3, 'A masterpiece. Will be recommending this to everyone.', '2024-04-14'),
(218, 72, 20, 5, 'Disappointing. The story never found its footing.', '2022-10-14'),
(219, 72, 16, 3, 'Not quite what I expected but enjoyable nonetheless.', '2023-02-07'),
(220, 72, 33, 4, 'A solid read but the ending felt rushed.', '2024-01-18'),
(221, 73, 34, 5, 'The writing style took some getting used to but worth it.', '2022-08-21'),
(222, 73, 44, 4, 'Gripping from the first page to the last.', '2022-06-06'),
(223, 73, 40, 4, 'Beautifully written with memorable moments throughout.', '2023-09-12'),
(224, 74, 29, 2, 'The writing style took some getting used to but worth it.', '2022-05-22'),
(225, 74, 35, 4, 'The writing style took some getting used to but worth it.', '2024-03-30'),
(226, 75, 9, 3, 'A perfect book for a rainy afternoon.', '2023-06-21'),
(227, 76, 28, 5, 'Thought-provoking and emotionally resonant.', '2022-05-29'),
(228, 77, 37, 4, 'A perfect book for a rainy afternoon.', '2022-05-02'),
(229, 77, 11, 3, 'Good but not great. Forgettable in the long run.', '2022-05-30'),
(230, 77, 21, 5, 'Thought-provoking and emotionally resonant.', '2022-11-23'),
(231, 77, 5, 5, 'A masterpiece. Will be recommending this to everyone.', '2023-02-26'),
(232, 77, 36, 3, 'A perfect book for a rainy afternoon.', '2024-04-21'),
(233, 78, 48, 2, 'One of the best books I have read in years.', '2022-01-27'),
(234, 78, 18, 5, 'Gripping from the first page to the last.', '2023-09-24'),
(235, 78, 10, 3, 'Gripping from the first page to the last.', '2023-09-20'),
(236, 78, 50, 3, 'Interesting premise but the characters felt flat.', '2022-08-25'),
(237, 78, 13, 4, 'Not quite what I expected but enjoyable nonetheless.', '2022-03-23'),
(238, 79, 50, 4, 'The writing style took some getting used to but worth it.', '2023-01-18'),
(239, 79, 31, 3, 'A masterpiece. Will be recommending this to everyone.', '2023-05-19'),
(240, 79, 9, 4, 'One of the best books I have read in years.', '2022-07-17'),
(241, 79, 33, 3, 'A masterpiece. Will be recommending this to everyone.', '2024-02-22'),
(242, 79, 39, 5, 'Could not sleep after finishing this. In a good way.', '2022-10-04'),
(243, 80, 15, 5, 'Thought-provoking and emotionally resonant.', '2022-07-29'),
(244, 80, 48, 2, 'Could not sleep after finishing this. In a good way.', '2023-03-26'),
(245, 80, 43, 5, 'Slow start but builds into something truly special.', '2023-12-06'),
(246, 81, 30, 4, 'Thought-provoking and emotionally resonant.', '2022-02-12'),
(247, 81, 16, 4, 'Good but not great. Forgettable in the long run.', '2023-01-25'),
(248, 82, 21, 4, 'Disappointing. The story never found its footing.', '2023-10-19'),
(249, 82, 26, 5, 'Thought-provoking and emotionally resonant.', '2022-02-09'),
(250, 82, 40, 4, 'Slow start but builds into something truly special.', '2023-04-13'),
(251, 82, 48, 5, 'Absolutely loved this book, could not put it down.', '2022-09-09'),
(252, 82, 37, 4, 'A masterpiece. Will be recommending this to everyone.', '2024-01-23'),
(253, 84, 25, 5, 'Interesting premise but the characters felt flat.', '2022-10-26'),
(254, 84, 34, 4, 'Could not sleep after finishing this. In a good way.', '2022-11-08'),
(255, 84, 49, 5, 'Beautifully written with memorable moments throughout.', '2023-04-18'),
(256, 84, 41, 3, 'Beautifully written with memorable moments throughout.', '2023-09-20'),
(257, 86, 34, 2, 'Disappointing. The story never found its footing.', '2022-04-26'),
(258, 86, 10, 3, 'Gripping from the first page to the last.', '2023-12-14'),
(259, 86, 30, 4, 'A masterpiece. Will be recommending this to everyone.', '2023-02-28'),
(260, 86, 42, 3, 'Absolutely loved this book, could not put it down.', '2022-07-03'),
(261, 86, 29, 4, 'Could not sleep after finishing this. In a good way.', '2023-12-31'),
(262, 87, 30, 2, 'Not quite what I expected but enjoyable nonetheless.', '2023-12-10'),
(263, 88, 46, 2, 'Slow start but builds into something truly special.', '2023-10-12'),
(264, 88, 11, 4, 'Disappointing. The story never found its footing.', '2023-12-26'),
(265, 88, 47, 4, 'Thought-provoking and emotionally resonant.', '2023-06-08'),
(266, 88, 8, 4, 'One of the best books I have read in years.', '2023-01-23'),
(267, 88, 6, 4, 'Absolutely loved this book, could not put it down.', '2024-02-26'),
(268, 89, 22, 4, 'The writing style took some getting used to but worth it.', '2022-06-03'),
(269, 90, 10, 3, 'A perfect book for a rainy afternoon.', '2022-02-22'),
(270, 91, 20, 5, 'Beautifully written with memorable moments throughout.', '2023-10-04'),
(271, 91, 47, 3, 'Could not sleep after finishing this. In a good way.', '2022-05-15'),
(272, 91, 50, 5, 'Absolutely loved this book, could not put it down.', '2023-09-30'),
(273, 92, 17, 5, 'Gripping from the first page to the last.', '2023-05-21'),
(274, 92, 1, 3, 'Gripping from the first page to the last.', '2023-11-07'),
(275, 92, 30, 4, 'A masterpiece. Will be recommending this to everyone.', '2023-03-29'),
(276, 92, 32, 2, 'Gripping from the first page to the last.', '2022-01-07'),
(277, 92, 47, 3, 'Disappointing. The story never found its footing.', '2022-10-12'),
(278, 92, 35, 4, 'Disappointing. The story never found its footing.', '2024-04-19'),
(279, 93, 14, 3, 'One of the best books I have read in years.', '2024-05-24'),
(280, 93, 4, 1, 'Gripping from the first page to the last.', '2024-05-08'),
(281, 93, 12, 4, 'Not quite what I expected but enjoyable nonetheless.', '2022-03-31'),
(282, 93, 10, 1, 'A masterpiece. Will be recommending this to everyone.', '2022-07-02'),
(283, 93, 49, 3, 'Beautifully written with memorable moments throughout.', '2023-09-18'),
(284, 93, 42, 4, 'A perfect book for a rainy afternoon.', '2023-09-02'),
(285, 94, 36, 4, 'Could not sleep after finishing this. In a good way.', '2022-02-06'),
(286, 94, 12, 2, 'Beautifully written with memorable moments throughout.', '2022-11-27'),
(287, 94, 30, 4, 'A masterpiece. Will be recommending this to everyone.', '2024-04-19'),
(288, 94, 48, 2, 'A masterpiece. Will be recommending this to everyone.', '2024-05-13'),
(289, 95, 5, 2, 'Good but not great. Forgettable in the long run.', '2022-10-09'),
(290, 95, 19, 3, 'A masterpiece. Will be recommending this to everyone.', '2023-06-22'),
(291, 95, 31, 3, 'Interesting premise but the characters felt flat.', '2023-09-19'),
(292, 95, 9, 2, 'Gripping from the first page to the last.', '2024-01-18'),
(293, 96, 34, 4, 'Thought-provoking and emotionally resonant.', '2023-12-25'),
(294, 96, 6, 3, 'Gripping from the first page to the last.', '2024-05-18'),
(295, 96, 31, 3, 'Disappointing. The story never found its footing.', '2023-08-12'),
(296, 96, 47, 5, 'Not quite what I expected but enjoyable nonetheless.', '2022-05-13'),
(297, 96, 45, 4, 'Slow start but builds into something truly special.', '2023-06-17'),
(298, 97, 41, 5, 'Interesting premise but the characters felt flat.', '2022-01-02'),
(299, 97, 32, 2, 'Slow start but builds into something truly special.', '2023-10-03'),
(300, 97, 12, 5, 'A perfect book for a rainy afternoon.', '2024-05-18'),
(301, 97, 40, 3, 'Gripping from the first page to the last.', '2023-03-01'),
(302, 97, 15, 4, 'Not quite what I expected but enjoyable nonetheless.', '2022-12-25'),
(303, 98, 41, 4, 'Beautifully written with memorable moments throughout.', '2024-03-20'),
(304, 98, 14, 2, 'Beautifully written with memorable moments throughout.', '2023-06-03'),
(305, 98, 1, 4, 'Thought-provoking and emotionally resonant.', '2022-01-07'),
(306, 98, 13, 2, 'Not quite what I expected but enjoyable nonetheless.', '2022-12-16'),
(307, 99, 47, 5, 'Good but not great. Forgettable in the long run.', '2022-06-29'),
(308, 99, 37, 3, 'Good but not great. Forgettable in the long run.', '2022-12-13'),
(309, 99, 40, 5, 'Slow start but builds into something truly special.', '2023-05-01'),
(310, 100, 3, 4, 'Good but not great. Forgettable in the long run.', '2023-07-04'),
(311, 100, 42, 5, 'Slow start but builds into something truly special.', '2024-03-13'),
(312, 100, 9, 5, 'Could not sleep after finishing this. In a good way.', '2024-01-31'),
(313, 100, 31, 2, 'Disappointing. The story never found its footing.', '2022-11-03'),
(314, 100, 10, 4, 'The writing style took some getting used to but worth it.', '2022-11-20'),
(315, 100, 41, 4, 'Absolutely loved this book, could not put it down.', '2022-08-02'),
(316, 101, 44, 5, 'Beautifully written with memorable moments throughout.', '2024-05-10'),
(317, 101, 22, 1, 'A masterpiece. Will be recommending this to everyone.', '2023-10-04'),
(318, 101, 23, 4, 'One of the best books I have read in years.', '2023-08-08'),
(319, 101, 5, 4, 'One of the best books I have read in years.', '2023-09-02'),
(320, 103, 49, 3, 'A solid read but the ending felt rushed.', '2023-05-24'),
(321, 103, 20, 5, 'Not quite what I expected but enjoyable nonetheless.', '2023-04-08'),
(322, 103, 46, 5, 'Beautifully written with memorable moments throughout.', '2022-08-10'),
(323, 103, 21, 4, 'One of the best books I have read in years.', '2022-04-25'),
(324, 103, 48, 4, 'Absolutely loved this book, could not put it down.', '2024-03-07'),
(325, 103, 3, 3, 'A solid read but the ending felt rushed.', '2023-03-31'),
(326, 104, 2, 3, 'Could not sleep after finishing this. In a good way.', '2023-05-11'),
(327, 104, 31, 5, 'Disappointing. The story never found its footing.', '2022-11-14'),
(328, 104, 33, 5, 'One of the best books I have read in years.', '2024-02-27'),
(329, 104, 10, 5, 'Good but not great. Forgettable in the long run.', '2023-06-13'),
(330, 105, 9, 4, 'Good but not great. Forgettable in the long run.', '2023-06-19'),
(331, 105, 14, 2, 'Beautifully written with memorable moments throughout.', '2022-02-15'),
(332, 105, 47, 4, 'Gripping from the first page to the last.', '2022-03-31'),
(333, 105, 3, 3, 'Could not sleep after finishing this. In a good way.', '2022-02-17'),
(334, 105, 30, 2, 'Thought-provoking and emotionally resonant.', '2023-11-06'),
(335, 106, 20, 5, 'Not quite what I expected but enjoyable nonetheless.', '2022-07-25'),
(336, 106, 2, 3, 'Beautifully written with memorable moments throughout.', '2023-06-30'),
(337, 106, 37, 3, 'Slow start but builds into something truly special.', '2023-11-19'),
(338, 106, 49, 2, 'One of the best books I have read in years.', '2022-06-11'),
(339, 106, 41, 3, 'Absolutely loved this book, could not put it down.', '2023-09-30'),
(340, 107, 33, 4, 'Not quite what I expected but enjoyable nonetheless.', '2022-10-05'),
(341, 107, 7, 2, 'A perfect book for a rainy afternoon.', '2024-04-03'),
(342, 107, 14, 3, 'Interesting premise but the characters felt flat.', '2022-06-25'),
(343, 107, 35, 2, 'Gripping from the first page to the last.', '2022-12-13'),
(344, 108, 29, 4, 'The writing style took some getting used to but worth it.', '2022-02-21'),
(345, 108, 4, 2, 'Absolutely loved this book, could not put it down.', '2022-03-30'),
(346, 108, 9, 4, 'One of the best books I have read in years.', '2023-12-23'),
(347, 108, 2, 4, 'Gripping from the first page to the last.', '2023-10-07'),
(348, 109, 45, 3, 'Interesting premise but the characters felt flat.', '2024-01-01'),
(349, 109, 50, 5, 'Thought-provoking and emotionally resonant.', '2023-07-01'),
(350, 109, 29, 2, 'Could not sleep after finishing this. In a good way.', '2024-02-13'),
(351, 109, 40, 5, 'Gripping from the first page to the last.', '2022-05-15'),
(352, 109, 23, 2, 'Thought-provoking and emotionally resonant.', '2023-12-17'),
(353, 109, 20, 4, 'Slow start but builds into something truly special.', '2022-11-14'),
(354, 110, 42, 3, 'Interesting premise but the characters felt flat.', '2022-05-28'),
(355, 110, 46, 5, 'Gripping from the first page to the last.', '2022-09-22'),
(356, 110, 50, 5, 'A masterpiece. Will be recommending this to everyone.', '2022-07-07'),
(357, 110, 30, 4, 'The writing style took some getting used to but worth it.', '2022-12-05'),
(358, 110, 31, 5, 'Could not sleep after finishing this. In a good way.', '2022-11-29'),
(359, 111, 32, 4, 'Not quite what I expected but enjoyable nonetheless.', '2023-05-06'),
(360, 111, 2, 4, 'One of the best books I have read in years.', '2022-10-17'),
(361, 111, 5, 5, 'Gripping from the first page to the last.', '2023-08-12'),
(362, 112, 33, 2, 'Good but not great. Forgettable in the long run.', '2024-01-02'),
(363, 113, 7, 4, 'A masterpiece. Will be recommending this to everyone.', '2023-08-28'),
(364, 113, 21, 4, 'Gripping from the first page to the last.', '2022-09-07'),
(365, 113, 36, 4, 'Slow start but builds into something truly special.', '2023-01-29'),
(366, 113, 42, 2, 'Interesting premise but the characters felt flat.', '2024-04-13'),
(367, 113, 5, 4, 'A masterpiece. Will be recommending this to everyone.', '2024-03-14'),
(368, 113, 20, 5, 'Gripping from the first page to the last.', '2024-03-17'),
(369, 114, 35, 3, 'The writing style took some getting used to but worth it.', '2023-11-17'),
(370, 114, 45, 2, 'Could not sleep after finishing this. In a good way.', '2023-12-30'),
(371, 115, 32, 4, 'Disappointing. The story never found its footing.', '2022-04-10'),
(372, 115, 8, 5, 'One of the best books I have read in years.', '2022-11-12'),
(373, 115, 38, 5, 'A solid read but the ending felt rushed.', '2023-09-05'),
(374, 115, 39, 2, 'Good but not great. Forgettable in the long run.', '2023-09-03'),
(375, 116, 25, 2, 'Good but not great. Forgettable in the long run.', '2022-05-23'),
(376, 116, 21, 5, 'Could not sleep after finishing this. In a good way.', '2024-02-13'),
(377, 116, 32, 4, 'Absolutely loved this book, could not put it down.', '2024-02-15'),
(378, 116, 42, 2, 'One of the best books I have read in years.', '2023-04-09'),
(379, 116, 43, 4, 'A masterpiece. Will be recommending this to everyone.', '2023-09-23'),
(380, 116, 4, 4, 'Interesting premise but the characters felt flat.', '2022-07-30'),
(381, 117, 21, 5, 'Could not sleep after finishing this. In a good way.', '2022-12-19'),
(382, 117, 20, 5, 'Gripping from the first page to the last.', '2022-01-09'),
(383, 117, 37, 4, 'Disappointing. The story never found its footing.', '2023-02-18'),
(384, 117, 44, 5, 'Good but not great. Forgettable in the long run.', '2022-10-29'),
(385, 117, 28, 2, 'Could not sleep after finishing this. In a good way.', '2023-07-17'),
(386, 120, 36, 3, 'A perfect book for a rainy afternoon.', '2023-08-28'),
(387, 120, 23, 4, 'Not quite what I expected but enjoyable nonetheless.', '2023-12-30'),
(388, 120, 8, 4, 'A masterpiece. Will be recommending this to everyone.', '2023-03-22'),
(389, 120, 19, 4, 'The writing style took some getting used to but worth it.', '2022-06-27'),
(390, 120, 2, 4, 'Interesting premise but the characters felt flat.', '2023-07-23'),
(391, 121, 24, 3, 'Good but not great. Forgettable in the long run.', '2023-11-18'),
(392, 121, 27, 2, 'Absolutely loved this book, could not put it down.', '2022-03-15'),
(393, 121, 10, 4, 'One of the best books I have read in years.', '2024-01-09'),
(394, 122, 43, 2, 'The writing style took some getting used to but worth it.', '2024-04-05'),
(395, 122, 28, 4, 'Slow start but builds into something truly special.', '2024-03-18'),
(396, 122, 9, 4, 'Could not sleep after finishing this. In a good way.', '2023-03-12'),
(397, 123, 12, 4, 'Slow start but builds into something truly special.', '2023-01-29'),
(398, 123, 30, 4, 'One of the best books I have read in years.', '2023-03-11'),
(399, 123, 33, 4, 'Gripping from the first page to the last.', '2023-05-26'),
(400, 123, 28, 5, 'Interesting premise but the characters felt flat.', '2023-12-31'),
(401, 124, 18, 4, 'Absolutely loved this book, could not put it down.', '2023-08-05'),
(402, 124, 27, 4, 'Not quite what I expected but enjoyable nonetheless.', '2022-04-26'),
(403, 124, 35, 4, 'A perfect book for a rainy afternoon.', '2022-03-23'),
(404, 124, 37, 2, 'A perfect book for a rainy afternoon.', '2023-06-24'),
(405, 125, 49, 5, 'A solid read but the ending felt rushed.', '2022-09-09'),
(406, 125, 18, 4, 'A perfect book for a rainy afternoon.', '2023-11-11'),
(407, 125, 30, 5, 'A solid read but the ending felt rushed.', '2023-12-02'),
(408, 125, 34, 4, 'Thought-provoking and emotionally resonant.', '2023-08-17'),
(409, 125, 6, 3, 'Absolutely loved this book, could not put it down.', '2022-12-18'),
(410, 125, 47, 4, 'Absolutely loved this book, could not put it down.', '2023-04-26'),
(411, 126, 33, 5, 'A masterpiece. Will be recommending this to everyone.', '2022-12-28'),
(412, 126, 31, 5, 'Thought-provoking and emotionally resonant.', '2022-10-29'),
(413, 126, 37, 3, 'Absolutely loved this book, could not put it down.', '2023-12-13'),
(414, 127, 48, 3, 'The writing style took some getting used to but worth it.', '2023-04-30'),
(415, 127, 20, 4, 'Gripping from the first page to the last.', '2022-02-22'),
(416, 127, 47, 4, 'Beautifully written with memorable moments throughout.', '2024-04-08'),
(417, 127, 37, 5, 'Absolutely loved this book, could not put it down.', '2022-10-21'),
(418, 128, 6, 2, 'Thought-provoking and emotionally resonant.', '2022-10-12'),
(419, 128, 9, 3, 'Gripping from the first page to the last.', '2022-10-15'),
(420, 128, 33, 3, 'Beautifully written with memorable moments throughout.', '2022-01-15'),
(421, 129, 8, 3, 'Slow start but builds into something truly special.', '2023-01-14'),
(422, 129, 39, 5, 'Beautifully written with memorable moments throughout.', '2024-03-12'),
(423, 129, 12, 5, 'Slow start but builds into something truly special.', '2022-07-05'),
(424, 129, 38, 5, 'Good but not great. Forgettable in the long run.', '2022-02-03'),
(425, 129, 48, 3, 'A solid read but the ending felt rushed.', '2022-05-29'),
(426, 130, 10, 5, 'Interesting premise but the characters felt flat.', '2023-11-08'),
(427, 130, 32, 4, 'The writing style took some getting used to but worth it.', '2022-06-21'),
(428, 130, 49, 3, 'A perfect book for a rainy afternoon.', '2024-05-12'),
(429, 130, 27, 3, 'The writing style took some getting used to but worth it.', '2022-09-28'),
(430, 131, 8, 3, 'A perfect book for a rainy afternoon.', '2024-02-10'),
(431, 131, 4, 5, 'Interesting premise but the characters felt flat.', '2023-01-24'),
(432, 131, 11, 4, 'A masterpiece. Will be recommending this to everyone.', '2023-05-01'),
(433, 131, 30, 3, 'Disappointing. The story never found its footing.', '2023-03-22'),
(434, 131, 26, 1, 'Could not sleep after finishing this. In a good way.', '2024-03-27'),
(435, 131, 31, 4, 'The writing style took some getting used to but worth it.', '2022-11-20'),
(436, 132, 44, 4, 'Good but not great. Forgettable in the long run.', '2023-03-19'),
(437, 132, 3, 4, 'The writing style took some getting used to but worth it.', '2024-05-28'),
(438, 132, 7, 3, 'Beautifully written with memorable moments throughout.', '2022-10-01'),
(439, 132, 35, 5, 'Beautifully written with memorable moments throughout.', '2023-11-02'),
(440, 133, 26, 5, 'A perfect book for a rainy afternoon.', '2023-11-20'),
(441, 133, 30, 4, 'Interesting premise but the characters felt flat.', '2023-06-17'),
(442, 133, 50, 3, 'A perfect book for a rainy afternoon.', '2022-07-04'),
(443, 133, 44, 3, 'Absolutely loved this book, could not put it down.', '2023-11-20'),
(444, 135, 5, 4, 'Not quite what I expected but enjoyable nonetheless.', '2022-08-13'),
(445, 135, 1, 5, 'Beautifully written with memorable moments throughout.', '2022-07-17'),
(446, 135, 27, 1, 'Gripping from the first page to the last.', '2022-04-05'),
(447, 135, 7, 2, 'Gripping from the first page to the last.', '2023-11-04'),
(448, 135, 34, 5, 'Interesting premise but the characters felt flat.', '2023-09-06'),
(449, 135, 47, 4, 'A perfect book for a rainy afternoon.', '2022-05-03'),
(450, 137, 39, 5, 'One of the best books I have read in years.', '2022-04-24'),
(451, 137, 9, 4, 'Beautifully written with memorable moments throughout.', '2022-10-29'),
(452, 137, 25, 4, 'Could not sleep after finishing this. In a good way.', '2022-03-19'),
(453, 137, 43, 4, 'Could not sleep after finishing this. In a good way.', '2022-10-11'),
(454, 137, 42, 5, 'A perfect book for a rainy afternoon.', '2023-11-15'),
(455, 137, 37, 5, 'Not quite what I expected but enjoyable nonetheless.', '2022-09-21'),
(456, 138, 50, 2, 'Thought-provoking and emotionally resonant.', '2022-03-05'),
(457, 139, 25, 3, 'Good but not great. Forgettable in the long run.', '2022-09-29'),
(458, 139, 22, 3, 'A solid read but the ending felt rushed.', '2023-05-19'),
(459, 139, 4, 5, 'Interesting premise but the characters felt flat.', '2023-09-17'),
(460, 140, 12, 2, 'Disappointing. The story never found its footing.', '2024-02-27'),
(461, 140, 42, 4, 'Gripping from the first page to the last.', '2023-10-21'),
(462, 140, 32, 2, 'Slow start but builds into something truly special.', '2024-01-03'),
(463, 141, 7, 2, 'Gripping from the first page to the last.', '2024-01-16'),
(464, 141, 3, 3, 'Slow start but builds into something truly special.', '2022-01-20'),
(465, 142, 10, 1, 'Absolutely loved this book, could not put it down.', '2023-11-12'),
(466, 142, 42, 4, 'One of the best books I have read in years.', '2023-12-18'),
(467, 142, 41, 3, 'A masterpiece. Will be recommending this to everyone.', '2023-08-12'),
(468, 144, 46, 4, 'Good but not great. Forgettable in the long run.', '2024-01-16'),
(469, 144, 50, 5, 'Thought-provoking and emotionally resonant.', '2022-03-13'),
(470, 144, 32, 4, 'Absolutely loved this book, could not put it down.', '2023-01-29'),
(471, 144, 31, 5, 'Good but not great. Forgettable in the long run.', '2024-03-09'),
(472, 145, 8, 5, 'Not quite what I expected but enjoyable nonetheless.', '2022-12-08'),
(473, 145, 37, 4, 'A masterpiece. Will be recommending this to everyone.', '2022-02-26'),
(474, 145, 35, 4, 'The writing style took some getting used to but worth it.', '2022-04-03'),
(475, 146, 35, 2, 'Slow start but builds into something truly special.', '2024-02-18'),
(476, 146, 22, 5, 'The writing style took some getting used to but worth it.', '2022-07-27'),
(477, 147, 36, 1, 'A masterpiece. Will be recommending this to everyone.', '2023-11-08'),
(478, 148, 20, 4, 'Could not sleep after finishing this. In a good way.', '2022-04-20'),
(479, 149, 45, 4, 'Interesting premise but the characters felt flat.', '2022-05-24'),
(480, 149, 23, 1, 'Absolutely loved this book, could not put it down.', '2024-01-08'),
(481, 149, 32, 5, 'Interesting premise but the characters felt flat.', '2023-05-16'),
(482, 149, 6, 4, 'Thought-provoking and emotionally resonant.', '2023-07-08'),
(483, 149, 41, 4, 'Slow start but builds into something truly special.', '2023-07-01'),
(484, 150, 29, 5, 'Absolutely loved this book, could not put it down.', '2023-02-20'),
(485, 150, 2, 2, 'Thought-provoking and emotionally resonant.', '2023-11-01'),
(486, 150, 3, 4, 'Slow start but builds into something truly special.', '2023-11-26'),
(487, 150, 22, 5, 'Disappointing. The story never found its footing.', '2022-06-02'),
(488, 150, 4, 5, 'Interesting premise but the characters felt flat.', '2022-03-15'),
(489, 150, 47, 1, 'One of the best books I have read in years.', '2023-05-16'),
(490, 151, 2, 5, 'One of the best books I have read in years.', '2022-01-15'),
(491, 151, 31, 3, 'Absolutely loved this book, could not put it down.', '2022-11-11'),
(492, 151, 40, 5, 'A solid read but the ending felt rushed.', '2023-04-13'),
(493, 151, 3, 4, 'Good but not great. Forgettable in the long run.', '2023-08-29'),
(494, 151, 16, 2, 'Good but not great. Forgettable in the long run.', '2022-04-19'),
(495, 153, 39, 2, 'Interesting premise but the characters felt flat.', '2023-03-13'),
(496, 153, 40, 3, 'Good but not great. Forgettable in the long run.', '2024-01-26'),
(497, 153, 15, 4, 'Not quite what I expected but enjoyable nonetheless.', '2022-05-04'),
(498, 154, 37, 5, 'Gripping from the first page to the last.', '2022-06-27'),
(499, 154, 35, 3, 'A solid read but the ending felt rushed.', '2022-10-08'),
(500, 154, 9, 2, 'A masterpiece. Will be recommending this to everyone.', '2022-06-22'),
(501, 154, 21, 4, 'Disappointing. The story never found its footing.', '2022-06-18'),
(502, 154, 14, 4, 'Could not sleep after finishing this. In a good way.', '2023-08-19'),
(503, 156, 7, 5, 'The writing style took some getting used to but worth it.', '2023-09-20'),
(504, 157, 50, 5, 'A solid read but the ending felt rushed.', '2022-01-07'),
(505, 157, 11, 1, 'Could not sleep after finishing this. In a good way.', '2022-04-02'),
(506, 157, 2, 5, 'Gripping from the first page to the last.', '2022-10-18'),
(507, 158, 45, 4, 'Interesting premise but the characters felt flat.', '2022-05-27'),
(508, 158, 50, 4, 'Disappointing. The story never found its footing.', '2023-04-07'),
(509, 158, 31, 4, 'One of the best books I have read in years.', '2023-09-18'),
(510, 159, 3, 4, 'A solid read but the ending felt rushed.', '2023-10-05'),
(511, 159, 39, 5, 'Beautifully written with memorable moments throughout.', '2022-12-23'),
(512, 159, 12, 4, 'Disappointing. The story never found its footing.', '2022-08-30'),
(513, 159, 46, 3, 'Disappointing. The story never found its footing.', '2022-04-08'),
(514, 159, 32, 4, 'Good but not great. Forgettable in the long run.', '2024-02-19'),
(515, 160, 33, 4, 'Interesting premise but the characters felt flat.', '2022-10-11'),
(516, 160, 15, 2, 'A solid read but the ending felt rushed.', '2024-03-26'),
(517, 160, 30, 2, 'Good but not great. Forgettable in the long run.', '2023-05-01'),
(518, 160, 50, 4, 'One of the best books I have read in years.', '2023-11-18'),
(519, 163, 24, 3, 'Thought-provoking and emotionally resonant.', '2024-02-16'),
(520, 163, 19, 4, 'A solid read but the ending felt rushed.', '2024-01-29'),
(521, 163, 14, 2, 'Disappointing. The story never found its footing.', '2022-06-30'),
(522, 163, 28, 3, 'Absolutely loved this book, could not put it down.', '2023-05-12'),
(523, 163, 17, 4, 'A solid read but the ending felt rushed.', '2022-08-29'),
(524, 164, 29, 5, 'Could not sleep after finishing this. In a good way.', '2022-11-30'),
(525, 164, 38, 3, 'A solid read but the ending felt rushed.', '2022-11-30'),
(526, 164, 21, 3, 'Interesting premise but the characters felt flat.', '2024-01-26'),
(527, 164, 27, 4, 'Interesting premise but the characters felt flat.', '2023-01-20'),
(528, 164, 13, 5, 'A solid read but the ending felt rushed.', '2023-04-28'),
(529, 165, 32, 3, 'Gripping from the first page to the last.', '2023-04-11'),
(530, 165, 4, 3, 'Not quite what I expected but enjoyable nonetheless.', '2022-05-20'),
(531, 165, 28, 4, 'Interesting premise but the characters felt flat.', '2023-10-10'),
(532, 165, 10, 4, 'Beautifully written with memorable moments throughout.', '2022-07-27'),
(533, 166, 9, 4, 'Absolutely loved this book, could not put it down.', '2022-10-15'),
(534, 166, 3, 2, 'Good but not great. Forgettable in the long run.', '2023-04-22'),
(535, 167, 27, 3, 'Could not sleep after finishing this. In a good way.', '2022-10-30'),
(536, 167, 11, 4, 'Thought-provoking and emotionally resonant.', '2024-03-24'),
(537, 167, 49, 4, 'Gripping from the first page to the last.', '2022-06-24'),
(538, 168, 36, 5, 'Slow start but builds into something truly special.', '2024-06-01'),
(539, 168, 15, 5, 'Gripping from the first page to the last.', '2023-04-30'),
(540, 168, 6, 5, 'Beautifully written with memorable moments throughout.', '2022-01-15'),
(541, 168, 27, 5, 'A perfect book for a rainy afternoon.', '2022-09-10'),
(542, 169, 21, 4, 'Interesting premise but the characters felt flat.', '2023-08-29'),
(543, 170, 37, 5, 'A masterpiece. Will be recommending this to everyone.', '2022-02-15'),
(544, 172, 47, 1, 'Disappointing. The story never found its footing.', '2023-02-08'),
(545, 172, 50, 4, 'Thought-provoking and emotionally resonant.', '2023-12-15'),
(546, 172, 33, 5, 'Slow start but builds into something truly special.', '2023-05-23'),
(547, 173, 6, 4, 'Absolutely loved this book, could not put it down.', '2023-12-11'),
(548, 174, 27, 3, 'A solid read but the ending felt rushed.', '2022-01-17'),
(549, 174, 14, 4, 'Beautifully written with memorable moments throughout.', '2022-06-15'),
(550, 174, 9, 5, 'Good but not great. Forgettable in the long run.', '2023-08-08'),
(551, 174, 23, 5, 'Absolutely loved this book, could not put it down.', '2023-04-11'),
(552, 174, 19, 4, 'One of the best books I have read in years.', '2023-12-22'),
(553, 175, 12, 4, 'The writing style took some getting used to but worth it.', '2022-01-02'),
(554, 175, 24, 5, 'A solid read but the ending felt rushed.', '2023-01-30'),
(555, 175, 41, 5, 'Not quite what I expected but enjoyable nonetheless.', '2023-06-28'),
(556, 177, 28, 3, 'Gripping from the first page to the last.', '2023-07-10'),
(557, 177, 49, 4, 'Interesting premise but the characters felt flat.', '2024-03-17'),
(558, 178, 6, 4, 'Could not sleep after finishing this. In a good way.', '2023-11-22'),
(559, 178, 40, 4, 'Absolutely loved this book, could not put it down.', '2022-04-24'),
(560, 178, 22, 4, 'Slow start but builds into something truly special.', '2023-09-26'),
(561, 178, 48, 1, 'Not quite what I expected but enjoyable nonetheless.', '2022-06-29'),
(562, 178, 4, 4, 'A perfect book for a rainy afternoon.', '2022-03-10'),
(563, 179, 46, 5, 'Interesting premise but the characters felt flat.', '2023-07-07'),
(564, 179, 50, 2, 'Slow start but builds into something truly special.', '2024-01-26'),
(565, 179, 14, 5, 'Gripping from the first page to the last.', '2023-12-21'),
(566, 179, 9, 3, 'A perfect book for a rainy afternoon.', '2024-02-19'),
(567, 180, 21, 4, 'Beautifully written with memorable moments throughout.', '2023-05-31'),
(568, 181, 28, 3, 'Slow start but builds into something truly special.', '2023-05-29'),
(569, 181, 18, 4, 'A solid read but the ending felt rushed.', '2023-04-27'),
(570, 181, 4, 5, 'The writing style took some getting used to but worth it.', '2024-04-25'),
(571, 181, 5, 4, 'Beautifully written with memorable moments throughout.', '2023-04-08'),
(572, 181, 24, 4, 'Thought-provoking and emotionally resonant.', '2023-11-21'),
(573, 182, 5, 5, 'Beautifully written with memorable moments throughout.', '2022-03-20'),
(574, 182, 13, 2, 'Beautifully written with memorable moments throughout.', '2022-04-25'),
(575, 182, 30, 4, 'Slow start but builds into something truly special.', '2022-06-04'),
(576, 182, 6, 5, 'Disappointing. The story never found its footing.', '2023-10-05'),
(577, 182, 26, 1, 'A masterpiece. Will be recommending this to everyone.', '2023-11-30'),
(578, 183, 9, 4, 'The writing style took some getting used to but worth it.', '2022-01-22'),
(579, 183, 31, 3, 'A solid read but the ending felt rushed.', '2022-01-23'),
(580, 183, 23, 5, 'Interesting premise but the characters felt flat.', '2024-05-04'),
(581, 183, 27, 5, 'The writing style took some getting used to but worth it.', '2022-12-10'),
(582, 184, 38, 4, 'Not quite what I expected but enjoyable nonetheless.', '2023-05-13'),
(583, 184, 22, 4, 'A perfect book for a rainy afternoon.', '2023-06-27'),
(584, 184, 42, 5, 'Slow start but builds into something truly special.', '2023-04-14'),
(585, 185, 37, 5, 'Beautifully written with memorable moments throughout.', '2022-06-25'),
(586, 185, 9, 5, 'Interesting premise but the characters felt flat.', '2023-05-11'),
(587, 186, 19, 5, 'One of the best books I have read in years.', '2022-12-28'),
(588, 186, 50, 3, 'One of the best books I have read in years.', '2023-09-26'),
(589, 187, 46, 4, 'One of the best books I have read in years.', '2022-06-29'),
(590, 188, 46, 2, 'Not quite what I expected but enjoyable nonetheless.', '2023-08-12'),
(591, 188, 45, 2, 'Beautifully written with memorable moments throughout.', '2023-01-14'),
(592, 188, 43, 3, 'Disappointing. The story never found its footing.', '2023-12-26'),
(593, 188, 10, 1, 'Not quite what I expected but enjoyable nonetheless.', '2022-12-19'),
(594, 188, 11, 2, 'Slow start but builds into something truly special.', '2023-07-07'),
(595, 188, 16, 5, 'Disappointing. The story never found its footing.', '2022-11-05'),
(596, 191, 32, 5, 'Could not sleep after finishing this. In a good way.', '2022-11-24'),
(597, 191, 50, 3, 'A perfect book for a rainy afternoon.', '2023-07-14'),
(598, 191, 10, 5, 'Not quite what I expected but enjoyable nonetheless.', '2023-10-25'),
(599, 192, 19, 2, 'Gripping from the first page to the last.', '2024-01-17'),
(600, 192, 31, 5, 'Slow start but builds into something truly special.', '2022-12-13'),
(601, 192, 49, 4, 'A perfect book for a rainy afternoon.', '2023-05-06'),
(602, 192, 37, 5, 'One of the best books I have read in years.', '2023-11-26'),
(603, 192, 43, 4, 'Beautifully written with memorable moments throughout.', '2022-01-26'),
(604, 193, 40, 4, 'Not quite what I expected but enjoyable nonetheless.', '2022-02-26'),
(605, 193, 15, 4, 'Interesting premise but the characters felt flat.', '2023-08-21'),
(606, 193, 29, 4, 'Thought-provoking and emotionally resonant.', '2024-02-25'),
(607, 194, 13, 2, 'Good but not great. Forgettable in the long run.', '2023-04-02'),
(608, 194, 2, 4, 'A solid read but the ending felt rushed.', '2023-06-09'),
(609, 195, 13, 4, 'Disappointing. The story never found its footing.', '2022-02-27'),
(610, 195, 32, 5, 'Not quite what I expected but enjoyable nonetheless.', '2023-02-12'),
(611, 195, 21, 2, 'Good but not great. Forgettable in the long run.', '2023-03-14'),
(612, 196, 25, 1, 'Not quite what I expected but enjoyable nonetheless.', '2022-12-26'),
(613, 196, 24, 3, 'Slow start but builds into something truly special.', '2023-07-29'),
(614, 198, 47, 5, 'A perfect book for a rainy afternoon.', '2023-03-02'),
(615, 199, 29, 2, 'Gripping from the first page to the last.', '2023-09-05'),
(616, 199, 19, 2, 'Interesting premise but the characters felt flat.', '2022-11-07'),
(617, 199, 11, 4, 'Good but not great. Forgettable in the long run.', '2023-06-22'),
(618, 199, 47, 5, 'A solid read but the ending felt rushed.', '2023-08-28'),
(619, 199, 28, 5, 'A solid read but the ending felt rushed.', '2022-01-07'),
(620, 199, 27, 4, 'Could not sleep after finishing this. In a good way.', '2022-10-07'),
(621, 200, 12, 5, 'Thought-provoking and emotionally resonant.', '2022-05-21'),
(622, 200, 36, 3, 'Good but not great. Forgettable in the long run.', '2023-01-26'),
(623, 200, 30, 3, 'Slow start but builds into something truly special.', '2022-02-13');
/*!40000 ALTER TABLE `reviews` ENABLE KEYS */;
UNLOCK TABLES;
